finding_id,classification,severity,area,title,evidence_refs,observation,impact,prerequisite,reproducer,expected,actual,regression_test_target,proposed_issue,risk_class,external_blocker,historical_ref,evidence_log_path,evidence_log_sha256,test_results
T02-001,CONFIRMED,P1,persistence,Windows DataStore replacement fails across production and test factories,a9cf4e634cf435caf425e709b152a3ee72892779:core/datastore/src/test/java/com/nexaflow/core/datastore/AgentNetworkPreferencesTest.kt:33;a9cf4e634cf435caf425e709b152a3ee72892779:core/datastore/src/test/java/com/nexaflow/core/datastore/AiProviderPreferencesTest.kt:125;a9cf4e634cf435caf425e709b152a3ee72892779:core/datastore/src/test/java/com/nexaflow/core/datastore/SmsDeliveryStoreTest.kt:24;a9cf4e634cf435caf425e709b152a3ee72892779:core/datastore/src/main/java/com/nexaflow/core/datastore/SmsDeliveryStore.kt:13;a9cf4e634cf435caf425e709b152a3ee72892779:core/datastore/src/test/java/com/nexaflow/core/datastore/DataStoreCorruptionHandlerTest.kt:45,The exact current Windows checkout reproduces five write failures across PreferenceDataStoreFactory files and the Robolectric-backed SmsDeliveryStore. Each throws IOException while androidx.datastore tries to rename a .tmp file over an existing target. The production corruption handler does not participate in these ordinary edit writes.,Windows-hosted unit tests fail and persistent preference updates can fail on affected host/filesystem combinations; CI on Linux does not expose the same replacement semantics.,Run one exact-HEAD Windows test task with Android SDK configured and no competing Gradle process.,.\gradlew.bat :core:datastore:testDebugUnitTest --console=plain --no-configuration-cache,Selected DataStore tests pass on Windows and retain persistence,"Current HEAD a9cf4e634cf435caf425e709b152a3ee72892779: 46 tests completed, 5 failed. Exact failing cases: FAIL explicitLanChoicePersists:; FAIL v1MigrationPreservesValidProfilesWhenOneEntryIsCorrupt:; FAIL cooldownIsDurableAcrossDifferentMessages:; FAIL samePhysicalMessageCanBeClaimedByDifferentAutomations:; FAIL duplicateFingerprintIsRejectedAcrossClaims: Each report records IOException renaming a temporary DataStore file over an existing target.",core/datastore/src/test/java/com/nexaflow/core/datastore/AgentNetworkPreferencesTest.kt; core/datastore/src/test/java/com/nexaflow/core/datastore/AiProviderPreferencesTest.kt; core/datastore/src/test/java/com/nexaflow/core/datastore/SmsDeliveryStoreTest.kt,#126,CROSS_PLATFORM_PERSISTENCE,,Historical clue only: docs/evidence/baseline/p0-01-current-main-2026-10-05.md:20; the current exact-HEAD reproduction is separate.,docs/audit/evidence/t02-datastore-windows-2026-10-08.log,e7680956adcdc61c5ea16ba863f3a2fb22f451909add712b88e554f14d7508d2,Windows exact HEAD: 46 tests / 5 failed; see hash-pinned per-class reports. CI Ubuntu exact older commit 66f0dbd: 46 tests / 0 failed per historical baseline (not current proof).
T02-002,DOCUMENTED_GAP,P0,boot,Locked-boot delivery policy remains undecided,a9cf4e634cf435caf425e709b152a3ee72892779:app/src/main/AndroidManifest.xml:196;a9cf4e634cf435caf425e709b152a3ee72892779:core/automation-engine/src/main/java/com/nexaflow/core/engine/AutomationAlarmReceiver.kt:48,The manifest filter lists LOCKED_BOOT_COMPLETED,while the receiver is not directBootAware and its recovery dependencies use credential-protected application state; OQ-06 records that the desired behavior is undecided.,A misleading source declaration or an unsafe direct-boot change can break scheduled automation or access unavailable state.,Maintainer must choose wait-until-first-unlock or a restricted device-protected subset.,Inspect the merged manifest and simulate locked boot before first unlock on supported Android hardware.,No owner policy decision or physical locked-boot observation is recorded.,AutomationAlarmReceiver boot-policy test; API 26+ physical locked-boot test,#128,BOOT_AND_RECOVERY_POLICY,,#128,,,NOT RUN; see external blocker and documented required verification.
T02-003,INVESTIGATE,P0,event_identity,Trigger occurrence identity coverage across event sources,a9cf4e634cf435caf425e709b152a3ee72892779:core/execution/src/main/java/com/nexaflow/core/execution/TriggerOccurrenceDeduplicator.kt:39;a9cf4e634cf435caf425e709b152a3ee72892779:core/execution/src/test/java/com/nexaflow/core/execution/TriggerOccurrenceDeduplicatorTest.kt:58,The shared deduplicator intentionally processes occurrences without a stable eventId instead of guessing an identity; tests pin that contract.,Sources that cannot supply a stable identity may admit repeated non-idempotent work; whether this occurs for a production source needs source-specific evidence.,Map every ingress to a stable event identity or document why it cannot provide one.,Run deterministic duplicate-delivery tests per trigger source with identical and missing IDs,The same stable source event is admitted at most once within its contract window; missing identity behavior is explicit for each source.,The generic missing-ID behavior is tested; production-source identity mapping and duplicate-delivery coverage remain unverified.,TriggerOccurrenceDeduplicatorTest; source-specific admission tests,#127,DUPLICATE_ADMISSION,,,,,NOT RUN for this finding.
T02-004,DOCUMENTED_GAP,P0,recovery,Crash recovery across checkpoint side-effect and history boundaries,a9cf4e634cf435caf425e709b152a3ee72892779:core/datastore/src/main/java/com/nexaflow/core/datastore/ActiveExecutionStore.kt:279;a9cf4e634cf435caf425e709b152a3ee72892779:core/execution/src/main/java/com/nexaflow/core/execution/recovery/ExecutionRecoveryCoordinator.kt:29,The runtime persists UNKNOWN outcomes and requires review before replay; repository evidence does not yet cover every cross-store crash boundary between side effect checkpoint and terminal/history writes.,A crash between durable stores can leave work pending review or incomplete history; blind replay is deliberately prohibited.,Enumerate side-effect and persistence commit boundaries for each execution path before adding fault injection.,Inject process/store failures before and after side effect checkpoint completion and verify no unsafe replay or lost owner.,Every boundary yields a recoverable truthful result or explicit UNKNOWN review item with stable ownership.,Selected checkpoint paths are covered; exhaustive cross-store crash-boundary recovery is not established.,ExecutionEngineRecoveryCheckpointTest; ActiveExecutionStoreCheckpointTest,#129; #130,CROSS_STORE_RECOVERY,,No external blocker to deterministic JVM fault-injection; device process-death proof remains separate.,,,NOT RUN; see external blocker and documented required verification.
T02-005,INVESTIGATE,P1,action_schema,Declared action fields without an exact handler read,a9cf4e634cf435caf425e709b152a3ee72892779:domain/src/main/java/com/nexaflow/domain/catalog/ActionNodeSchemas.kt:35;a9cf4e634cf435caf425e709b152a3ee72892779:domain/src/main/java/com/nexaflow/domain/catalog/ActionNodeSchemas.kt:61;a9cf4e634cf435caf425e709b152a3ee72892779:domain/src/main/java/com/nexaflow/domain/catalog/ActionNodeSchemas.kt:139;a9cf4e634cf435caf425e709b152a3ee72892779:domain/src/main/java/com/nexaflow/domain/catalog/ActionNodeSchemas.kt:259;a9cf4e634cf435caf425e709b152a3ee72892779:core/execution/src/main/java/com/nexaflow/core/execution/handler/AppActionsHandler.kt:45;a9cf4e634cf435caf425e709b152a3ee72892779:core/execution/src/main/java/com/nexaflow/core/execution/handler/SystemActionsHandler.kt:374;a9cf4e634cf435caf425e709b152a3ee72892779:core/execution/src/main/java/com/nexaflow/core/execution/handler/SystemActionsHandler.kt:383;a9cf4e634cf435caf425e709b152a3ee72892779:core/execution/src/main/java/com/nexaflow/core/execution/handler/NotificationActionsHandler.kt:93,"T01 found four declared field/handler mismatches: BATTERY_ALERTS.below, APPLICATION_LAUNCH_APP.packages, SYSTEM_OPEN_PLAY_STORE_APP.package, and SYSTEM_REBOOT.mode.",Users may configure values that do not affect the selected action; intended legacy aliases or compatibility behavior have not been resolved.,Confirm user-visible contract and whether each field is intentional compatibility data before changing schema/runtime behavior.,Configure a non-default value for each field and assert the handler receives or intentionally ignores it in a focused unit test.,Each field is consumed by the handler or explicitly documented as unused/compatibility-only with a regression test.,Static same-arm analysis reports no handler read; UI intent and runtime behavior remain unverified.,ActionRegistry and family-handler tests for listed actions,#135; #136,ACTION_SCHEMA_RUNTIME_PARITY,,Source-level finding from merged T01; not classified as a confirmed user-visible defect.,,,"Source-level finding; UI, compatibility intent, and dynamic handler behavior remain unverified."
T02-006,INVESTIGATE,P1,trigger_editor,Fixed-IANA timezone configuration visibility,a9cf4e634cf435caf425e709b152a3ee72892779:domain/src/main/java/com/nexaflow/domain/catalog/TriggerNodeSchemas.kt:26;a9cf4e634cf435caf425e709b152a3ee72892779:feature/automation-builder/src/main/java/com/nexaflow/feature/builder/TriggerTimeEditor.kt:231,TIME schema and schedule calculator define zonePolicy and zoneId,but the legacy trigger editor's TIME section has no direct control found by the T01 static UI candidate scan.,Users may be unable to select the fixed timezone behavior exposed by the schema/runtime contract.,Trace both legacy and canonical editor routes and clarify which one owns TIME configuration.,Create a TIME trigger through each supported editor and verify zonePolicy/zoneId can be set and survive save/reopen.,Legacy-editor binding was not found; whether the canonical editor binds and round-trips these fields remains unknown.,TriggerTimeEditor UI and builder save/reopen tests,#131; #134,TIME_CONFIGURATION_PARITY,,,,,NOT RUN for this finding.
T02-007,IMPLEMENTED_UNVERIFIED,P1,plugin_ingress,Plugin event input validation and deduplication boundary,a9cf4e634cf435caf425e709b152a3ee72892779:core/automation-engine/src/main/java/com/nexaflow/core/engine/PluginEventIngress.kt:43;a9cf4e634cf435caf425e709b152a3ee72892779:core/automation-engine/src/test/java/com/nexaflow/core/engine/PluginEventIngressTest.kt:30,The ingress validates token shape and length matches approved configured subscriptions and rate/dedup limits before publishing; tests exercise these static paths.,Hostile package identity and Android permission/signature enforcement still require full component/installed-plugin boundary review.,Verify sender identity originates from trusted Android caller metadata and that no caller can spoof senderPackage.,Attempt forged sender/component payloads through the exported ingress component and verify rejection before publish.,Only authorized installed plugin identity can publish matching approved events; all rejected attempts produce no event.,JVM ingress cases exist; installed-package caller identity and Android permission behavior remain unverified.,PluginEventIngressTest; exported-component manifest/security integration tests,#143,PLUGIN_TRUST_BOUNDARY,,No vulnerability confirmed; end-to-end Android trust boundary remains unverified.,,,JVM/source evidence exists as described; required integration/device verification NOT RUN.
T02-008,IMPLEMENTED_UNVERIFIED,P1,imported_data,External workflow import bounds and review-before-activation,a9cf4e634cf435caf425e709b152a3ee72892779:data/src/main/java/com/nexaflow/data/backup/BackupManager.kt:67;a9cf4e634cf435caf425e709b152a3ee72892779:data/src/main/java/com/nexaflow/data/backup/BackupManager.kt:137,Import code bounds stream size,preflights workflows,rekeys ID collisions and disables imported automations before persistence; model-based fuzz and hostile-provider coverage are not comprehensive in T02 evidence.,Malformed or adversarial import data could still expose untested parser/validation edge cases even though the current boundary has explicit safeguards.,Run bounded fuzz/property tests over malformed JSON quotas identities and dependency graphs.,Source preflight and disable-before-persist safeguards exist; adversarial fuzz and hostile-provider behavior remain unverified.,BackupManagerTest; workflow validation property/fuzz target,#143,IMPORTED_DATA_VALIDATION,,,,,JVM/source evidence exists as described; required integration/device verification NOT RUN.
T02-009,DOCUMENTED_GAP,P1,accessibility,Accessibility behavior is not certified by source parity gates,a9cf4e634cf435caf425e709b152a3ee72892779:docs/AUDIT.md:14;a9cf4e634cf435caf425e709b152a3ee72892779:docs/MASTER_PLAN_STATUS_2026-10-05.md:16,Locale key parity and static UI source checks do not constitute TalkBack keyboard focus contrast or RTL device verification.,Users relying on assistive technology or RTL layouts may encounter unobserved interaction barriers.,Run accessibility instrumentation and manual TalkBack/RTL checks on supported API levels.,Execute screen-reader focus order and action labeling checks across builder settings and key flows.,Automated and manual accessibility outcomes are recorded with device/API evidence and regressions for confirmed failures.,No Android device or TalkBack session was available for this audit.,Compose accessibility tests; Android API 26+ physical UI validation,#145,ACCESSIBILITY_VALIDATION,,Physical UI validation requires a connected Android device.,,,NOT RUN; see external blocker and documented required verification.
T02-010,DOCUMENTED_GAP,P1,localization,Locale parity does not establish translation quality,a9cf4e634cf435caf425e709b152a3ee72892779:docs/AUDIT.md:14;a9cf4e634cf435caf425e709b152a3ee72892779:docs/MASTER_PLAN_STATUS_2026-10-05.md:32,Automated checks establish locale key-set parity only and do not assess semantic accuracy truncation or context-sensitive plural handling.,Incorrect or clipped translations can make settings and safety prompts confusing despite a green parity gate.,Review high-risk safety permission and automation strings in context with qualified Arabic and English reviewers.,Run locale screenshots and plural/RTL review for the critical flows.,Critical strings are reviewed in context and regressions for truncation or mistranslation are recorded.,"No contextual translation, truncation, plural, or RTL review was run for current HEAD.",Locale screenshot review; resource parity tests,#147,LOCALIZATION_QUALITY,,Requires qualified contextual review,,,NOT RUN; see external blocker and documented required verification.
T02-011,BLOCKED_EXTERNAL,P2,performance,Measured dispatch editor and battery baselines,a9cf4e634cf435caf425e709b152a3ee72892779:docs/MASTER_PLAN_STATUS_2026-10-05.md:16;a9cf4e634cf435caf425e709b152a3ee72892779:docs/OPEN_QUESTIONS.md:7,No current macrobenchmark Perfetto battery or soak result is attached to the current baseline.,Performance regressions and background battery impact cannot be quantified from static tests.,Provide supported Android hardware and an agreed benchmark/soak window.,Run macrobenchmark and Perfetto traces on named devices under controlled workloads.,A repeatable baseline and budgets are attached for trigger dispatch editor rendering and idle battery.,"No physical device, benchmark trace, battery measurement, or soak artifact is available.",Macrobenchmark and Perfetto suites; named OEM/API device matrix,#144; #146,PERFORMANCE_AND_BATTERY,Maintainer must supply the agreed device(s) and benchmark window.,No current physical benchmark artifact.,,,NOT RUN; blocked on named external owner/device dependency.
T02-012,BLOCKED_EXTERNAL,P0,device_acceptance,Android API OEM permission and privileged-backend acceptance matrix,a9cf4e634cf435caf425e709b152a3ee72892779:docs/OPEN_QUESTIONS.md:7;a9cf4e634cf435caf425e709b152a3ee72892779:docs/audit/triggers-actions-atomic-audit-2026-10-08.md:78,No named physical devices are available; no Root Shizuku OEM exact-alarm or API 36/37 behavior is claimed.,The final runtime safety and 72-hour acceptance gates cannot be completed without target hardware and test access.,Maintainer must identify devices Android builds backend states and the 72-hour test window.,Run the documented device matrix and attach redacted logs keyed by build and device.,Every required device/API/backend scenario has evidence or an explicit owner-approved exclusion.,No target device or owner-approved device/API/backend exclusion is recorded.,T23 device matrix and soak procedures,#146,DEVICE_OEM_PERMISSION,Maintainer must provide physical test devices and test window.,docs/audit/triggers-actions-atomic-audit-2026-10-08.md:78,,,NOT RUN; blocked on named external owner/device dependency.
T02-013,IMPLEMENTED_UNVERIFIED,P1,clock_dst,Timezone resolution and DST wall-clock scheduling,a9cf4e634cf435caf425e709b152a3ee72892779:domain/src/main/java/com/nexaflow/domain/schedule/TimeTriggerCalculator.kt:59;a9cf4e634cf435caf425e709b152a3ee72892779:domain/src/test/java/com/nexaflow/domain/schedule/TimeTriggerCalculatorTest.kt:74;a9cf4e634cf435caf425e709b152a3ee72892779:core/automation-engine/src/test/java/com/nexaflow/core/engine/AutomationAlarmReceiverTimeChangeTest.kt:15,Current code contains deterministic DST gap overlap and wall-clock tests plus clock/timezone rescheduling hooks.,RTC delivery after real timezone changes reboot Doze and OEM alarm restrictions has not been physically observed.,Run exact schedule tests then device travel clock-change and DST cases on named Android versions.,Unit behavior matches wall-clock expectations and each platform alarm is recomputed after a real clock/timezone change.,Source and local test inventory evidence exist; physical alarm delivery remains NOT TESTED.,"JVM schedule tests and source hooks are present; physical delivery after clock changes, reboot, and Doze is NOT TESTED.",TimeTriggerCalculatorTest; AutomationAlarmReceiverTimeChangeTest; physical schedule delivery matrix,#128,CLOCK_AND_DST,,,,,JVM/source evidence exists as described; required integration/device verification NOT RUN.
T02-014,DOCUMENTED_GAP,P0,cancellation,Durable cancellation outcome at side-effect boundaries,a9cf4e634cf435caf425e709b152a3ee72892779:core/execution/src/main/java/com/nexaflow/core/execution/ExecutionEngine.kt:991;a9cf4e634cf435caf425e709b152a3ee72892779:core/execution/src/test/java/com/nexaflow/core/execution/ExecutionEngineRecoveryCheckpointTest.kt:384,The engine has explicit cancellation checkpoints and selected tests that preserve UNKNOWN after interrupted side effects; broad action/backend cancellation boundary coverage is not present in the T02 evidence.,Incorrect cancellation classification can hide an applied side effect or incorrectly retry it.,Enumerate each action/backend side-effect boundary and define truthful cancellation outcome.,Inject cancellation before dispatch during dispatch after effect and before history persistence for representative idempotent and irreversible actions.,Cancellation never converts an uncertain irreversible effect to success or automatic replay.,Selected JVM cases exist; exhaustive capability cancellation and process-death behavior remains unverified.,ExecutionEngineRecoveryCheckpointTest; capability-specific cancellation fault injection,#129; #130,CANCELLATION_AND_SIDE_EFFECTS,,No specific current cancellation regression reproduced in this audit.,,,NOT RUN; see external blocker and documented required verification.
