stable_id,legacy_type,sub_operation,picker,schema_fields,runtime_config_reads,schema_status,runtime_handler_candidates,runtime_owner,readback_exit_history_recovery,android_oem_support
action.system_brightness,SYSTEM_BRIGHTNESS,DEFAULT_ACTION,PRESENT,value,value,SCHEMA_ARM_PRESENT,core/execution/src/main/java/com/nexaflow/core/execution/handler/DisplayActionsHandler.kt,ExecutionEngine -> ActionRegistry -> family handler / capability router,NOT_ASSERTED_BY_STATIC_INVENTORY,NOT_TESTED
action.system_volume,SYSTEM_VOLUME,DEFAULT_ACTION,PRESENT,value,value,SCHEMA_ARM_PRESENT,core/execution/src/main/java/com/nexaflow/core/execution/handler/SoundActionsHandler.kt,ExecutionEngine -> ActionRegistry -> family handler / capability router,NOT_ASSERTED_BY_STATIC_INVENTORY,NOT_TESTED
action.system_stream_volume,SYSTEM_STREAM_VOLUME,DEFAULT_ACTION,PRESENT,stream|value,stream|value,SCHEMA_ARM_PRESENT,core/execution/src/main/java/com/nexaflow/core/execution/handler/SoundActionsHandler.kt,ExecutionEngine -> ActionRegistry -> family handler / capability router,NOT_ASSERTED_BY_STATIC_INVENTORY,NOT_TESTED
action.system_dnd,SYSTEM_DND,DEFAULT_ACTION,PRESENT,,enabled,SHARED_TOGGLE_SCHEMA,core/execution/src/main/java/com/nexaflow/core/execution/handler/SoundActionsHandler.kt,ExecutionEngine -> ActionRegistry -> family handler / capability router,NOT_ASSERTED_BY_STATIC_INVENTORY,NOT_TESTED
action.system_screen_rotation,SYSTEM_SCREEN_ROTATION,DEFAULT_ACTION,PRESENT,autoRotate,autoRotate,SCHEMA_ARM_PRESENT,core/execution/src/main/java/com/nexaflow/core/execution/handler/DisplayActionsHandler.kt,ExecutionEngine -> ActionRegistry -> family handler / capability router,NOT_ASSERTED_BY_STATIC_INVENTORY,NOT_TESTED
action.system_open_app,SYSTEM_OPEN_APP,DEFAULT_ACTION,PRESENT,packages|package,package|packages,SCHEMA_ARM_PRESENT,core/execution/src/main/java/com/nexaflow/core/execution/handler/AppActionsHandler.kt,ExecutionEngine -> ActionRegistry -> family handler / capability router,NOT_ASSERTED_BY_STATIC_INVENTORY,NOT_TESTED
action.system_send_notification,SYSTEM_SEND_NOTIFICATION,DEFAULT_ACTION,PRESENT,title|text|sound|action_buttons,action_buttons|sound|text|title,SCHEMA_ARM_PRESENT,core/execution/src/main/java/com/nexaflow/core/execution/handler/NotificationActionsHandler.kt,ExecutionEngine -> ActionRegistry -> family handler / capability router,NOT_ASSERTED_BY_STATIC_INVENTORY,NOT_TESTED
action.system_block_notification,SYSTEM_BLOCK_NOTIFICATION,DEFAULT_ACTION,PRESENT,packages|package|enabled,enabled|package|packages,SCHEMA_ARM_PRESENT,core/execution/src/main/java/com/nexaflow/core/execution/handler/NotificationActionsHandler.kt,ExecutionEngine -> ActionRegistry -> family handler / capability router,NOT_ASSERTED_BY_STATIC_INVENTORY,NOT_TESTED
action.system_clear_app_notifications,SYSTEM_CLEAR_APP_NOTIFICATIONS,DEFAULT_ACTION,PRESENT,packages|package,package|packages,SCHEMA_ARM_PRESENT,core/execution/src/main/java/com/nexaflow/core/execution/handler/NotificationActionsHandler.kt,ExecutionEngine -> ActionRegistry -> family handler / capability router,NOT_ASSERTED_BY_STATIC_INVENTORY,NOT_TESTED
action.system_wifi,SYSTEM_WIFI,DEFAULT_ACTION,PRESENT,,enabled,SHARED_TOGGLE_SCHEMA,core/execution/src/main/java/com/nexaflow/core/execution/handler/ConnectivityActionsHandler.kt,ExecutionEngine -> ActionRegistry -> family handler / capability router,NOT_ASSERTED_BY_STATIC_INVENTORY,NOT_TESTED
action.system_bluetooth,SYSTEM_BLUETOOTH,DEFAULT_ACTION,PRESENT,,enabled,SHARED_TOGGLE_SCHEMA,core/execution/src/main/java/com/nexaflow/core/execution/handler/ConnectivityActionsHandler.kt,ExecutionEngine -> ActionRegistry -> family handler / capability router,NOT_ASSERTED_BY_STATIC_INVENTORY,NOT_TESTED
action.system_flashlight,SYSTEM_FLASHLIGHT,DEFAULT_ACTION,PRESENT,,enabled,SHARED_TOGGLE_SCHEMA,core/execution/src/main/java/com/nexaflow/core/execution/handler/SystemActionsHandler.kt,ExecutionEngine -> ActionRegistry -> family handler / capability router,NOT_ASSERTED_BY_STATIC_INVENTORY,NOT_TESTED
action.system_airplane_mode,SYSTEM_AIRPLANE_MODE,DEFAULT_ACTION,PRESENT,,enabled,SHARED_TOGGLE_SCHEMA,core/execution/src/main/java/com/nexaflow/core/execution/handler/ConnectivityActionsHandler.kt,ExecutionEngine -> ActionRegistry -> family handler / capability router,NOT_ASSERTED_BY_STATIC_INVENTORY,NOT_TESTED
action.system_media_play_pause,SYSTEM_MEDIA_PLAY_PAUSE,DEFAULT_ACTION,PRESENT,,,EMPTY_SCHEMA_FALLBACK,core/execution/src/main/java/com/nexaflow/core/execution/handler/MediaActionsHandler.kt,ExecutionEngine -> ActionRegistry -> family handler / capability router,NOT_ASSERTED_BY_STATIC_INVENTORY,NOT_TESTED
action.system_media_next,SYSTEM_MEDIA_NEXT,DEFAULT_ACTION,PRESENT,,,EMPTY_SCHEMA_FALLBACK,core/execution/src/main/java/com/nexaflow/core/execution/handler/MediaActionsHandler.kt,ExecutionEngine -> ActionRegistry -> family handler / capability router,NOT_ASSERTED_BY_STATIC_INVENTORY,NOT_TESTED
action.system_media_previous,SYSTEM_MEDIA_PREVIOUS,DEFAULT_ACTION,PRESENT,,,EMPTY_SCHEMA_FALLBACK,core/execution/src/main/java/com/nexaflow/core/execution/handler/MediaActionsHandler.kt,ExecutionEngine -> ActionRegistry -> family handler / capability router,NOT_ASSERTED_BY_STATIC_INVENTORY,NOT_TESTED
action.system_open_url,SYSTEM_OPEN_URL,DEFAULT_ACTION,PRESENT,url,url,SCHEMA_ARM_PRESENT,core/execution/src/main/java/com/nexaflow/core/execution/handler/SystemActionsHandler.kt,ExecutionEngine -> ActionRegistry -> family handler / capability router,NOT_ASSERTED_BY_STATIC_INVENTORY,NOT_TESTED
action.system_clear_notifications,SYSTEM_CLEAR_NOTIFICATIONS,DEFAULT_ACTION,PRESENT,,,EMPTY_SCHEMA_FALLBACK,core/execution/src/main/java/com/nexaflow/core/execution/handler/NotificationActionsHandler.kt,ExecutionEngine -> ActionRegistry -> family handler / capability router,NOT_ASSERTED_BY_STATIC_INVENTORY,NOT_TESTED
action.system_expand_status_bar,SYSTEM_EXPAND_STATUS_BAR,DEFAULT_ACTION,PRESENT,,,EMPTY_SCHEMA_FALLBACK,core/execution/src/main/java/com/nexaflow/core/execution/handler/SystemActionsHandler.kt,ExecutionEngine -> ActionRegistry -> family handler / capability router,NOT_ASSERTED_BY_STATIC_INVENTORY,NOT_TESTED
action.system_collapse_status_bar,SYSTEM_COLLAPSE_STATUS_BAR,DEFAULT_ACTION,PRESENT,,,EMPTY_SCHEMA_FALLBACK,core/execution/src/main/java/com/nexaflow/core/execution/handler/SystemActionsHandler.kt,ExecutionEngine -> ActionRegistry -> family handler / capability router,NOT_ASSERTED_BY_STATIC_INVENTORY,NOT_TESTED
action.system_screen_timeout,SYSTEM_SCREEN_TIMEOUT,DEFAULT_ACTION,PRESENT,seconds,seconds,SCHEMA_ARM_PRESENT,core/execution/src/main/java/com/nexaflow/core/execution/handler/DisplayActionsHandler.kt,ExecutionEngine -> ActionRegistry -> family handler / capability router,NOT_ASSERTED_BY_STATIC_INVENTORY,NOT_TESTED
action.system_stay_awake,SYSTEM_STAY_AWAKE,DEFAULT_ACTION,PRESENT,,enabled,SHARED_TOGGLE_SCHEMA,core/execution/src/main/java/com/nexaflow/core/execution/handler/DisplayActionsHandler.kt,ExecutionEngine -> ActionRegistry -> family handler / capability router,NOT_ASSERTED_BY_STATIC_INVENTORY,NOT_TESTED
action.system_auto_brightness,SYSTEM_AUTO_BRIGHTNESS,DEFAULT_ACTION,PRESENT,,enabled,SHARED_TOGGLE_SCHEMA,core/execution/src/main/java/com/nexaflow/core/execution/handler/DisplayActionsHandler.kt,ExecutionEngine -> ActionRegistry -> family handler / capability router,NOT_ASSERTED_BY_STATIC_INVENTORY,NOT_TESTED
action.system_ringer_mode,SYSTEM_RINGER_MODE,DEFAULT_ACTION,PRESENT,mode,mode,SCHEMA_ARM_PRESENT,core/execution/src/main/java/com/nexaflow/core/execution/handler/SoundActionsHandler.kt,ExecutionEngine -> ActionRegistry -> family handler / capability router,NOT_ASSERTED_BY_STATIC_INVENTORY,NOT_TESTED
action.system_mobile_data,SYSTEM_MOBILE_DATA,DEFAULT_ACTION,PRESENT,,enabled,SHARED_TOGGLE_SCHEMA,core/execution/src/main/java/com/nexaflow/core/execution/handler/ConnectivityActionsHandler.kt,ExecutionEngine -> ActionRegistry -> family handler / capability router,NOT_ASSERTED_BY_STATIC_INVENTORY,NOT_TESTED
action.system_network_mode,SYSTEM_NETWORK_MODE,DEFAULT_ACTION,PRESENT,mode|network_mask|network_mask_schema|network_subscription_id,mode|network_mask|network_mask_schema|network_subscription_id,SCHEMA_ARM_PRESENT,core/execution/src/main/java/com/nexaflow/core/execution/handler/ConnectivityActionsHandler.kt,ExecutionEngine -> ActionRegistry -> family handler / capability router,NOT_ASSERTED_BY_STATIC_INVENTORY,NOT_TESTED
action.system_private_dns,SYSTEM_PRIVATE_DNS,DEFAULT_ACTION,PRESENT,mode|hostname,hostname|mode,SCHEMA_ARM_PRESENT,core/execution/src/main/java/com/nexaflow/core/execution/handler/SystemActionsHandler.kt,ExecutionEngine -> ActionRegistry -> family handler / capability router,NOT_ASSERTED_BY_STATIC_INVENTORY,NOT_TESTED
action.system_hotspot,SYSTEM_HOTSPOT,DEFAULT_ACTION,PRESENT,,enabled,SHARED_TOGGLE_SCHEMA,core/execution/src/main/java/com/nexaflow/core/execution/handler/ConnectivityActionsHandler.kt,ExecutionEngine -> ActionRegistry -> family handler / capability router,NOT_ASSERTED_BY_STATIC_INVENTORY,NOT_TESTED
action.system_nfc,SYSTEM_NFC,DEFAULT_ACTION,PRESENT,,enabled,SHARED_TOGGLE_SCHEMA,core/execution/src/main/java/com/nexaflow/core/execution/handler/ConnectivityActionsHandler.kt,ExecutionEngine -> ActionRegistry -> family handler / capability router,NOT_ASSERTED_BY_STATIC_INVENTORY,NOT_TESTED
action.system_power_saver,SYSTEM_POWER_SAVER,DEFAULT_ACTION,PRESENT,,enabled,SHARED_TOGGLE_SCHEMA,core/execution/src/main/java/com/nexaflow/core/execution/handler/SystemActionsHandler.kt,ExecutionEngine -> ActionRegistry -> family handler / capability router,NOT_ASSERTED_BY_STATIC_INVENTORY,NOT_TESTED
action.system_animations,SYSTEM_ANIMATIONS,DEFAULT_ACTION,PRESENT,,enabled,SHARED_TOGGLE_SCHEMA,core/execution/src/main/java/com/nexaflow/core/execution/handler/DisplayActionsHandler.kt,ExecutionEngine -> ActionRegistry -> family handler / capability router,NOT_ASSERTED_BY_STATIC_INVENTORY,NOT_TESTED
action.system_lock_screen,SYSTEM_LOCK_SCREEN,DEFAULT_ACTION,PRESENT,,,EMPTY_SCHEMA_FALLBACK,core/execution/src/main/java/com/nexaflow/core/execution/handler/SystemActionsHandler.kt,ExecutionEngine -> ActionRegistry -> family handler / capability router,NOT_ASSERTED_BY_STATIC_INVENTORY,NOT_TESTED
action.system_set_alarm,SYSTEM_SET_ALARM,DEFAULT_ACTION,PRESENT,hour|minute,hour|minute,SCHEMA_ARM_PRESENT,core/execution/src/main/java/com/nexaflow/core/execution/handler/SystemActionsHandler.kt,ExecutionEngine -> ActionRegistry -> family handler / capability router,NOT_ASSERTED_BY_STATIC_INVENTORY,NOT_TESTED
action.system_set_timer,SYSTEM_SET_TIMER,DEFAULT_ACTION,PRESENT,seconds|message|skipUi,message|seconds|skipUi,SCHEMA_ARM_PRESENT,core/execution/src/main/java/com/nexaflow/core/execution/handler/SystemActionsHandler.kt,ExecutionEngine -> ActionRegistry -> family handler / capability router,NOT_ASSERTED_BY_STATIC_INVENTORY,NOT_TESTED
action.system_dark_mode,SYSTEM_DARK_MODE,DEFAULT_ACTION,PRESENT,,enabled,SHARED_TOGGLE_SCHEMA,core/execution/src/main/java/com/nexaflow/core/execution/handler/DisplayActionsHandler.kt,ExecutionEngine -> ActionRegistry -> family handler / capability router,NOT_ASSERTED_BY_STATIC_INVENTORY,NOT_TESTED
action.system_open_recents,SYSTEM_OPEN_RECENTS,DEFAULT_ACTION,PRESENT,,,EMPTY_SCHEMA_FALLBACK,core/execution/src/main/java/com/nexaflow/core/execution/handler/SystemActionsHandler.kt,ExecutionEngine -> ActionRegistry -> family handler / capability router,NOT_ASSERTED_BY_STATIC_INVENTORY,NOT_TESTED
action.system_go_home,SYSTEM_GO_HOME,DEFAULT_ACTION,PRESENT,,,EMPTY_SCHEMA_FALLBACK,core/execution/src/main/java/com/nexaflow/core/execution/handler/SystemActionsHandler.kt,ExecutionEngine -> ActionRegistry -> family handler / capability router,NOT_ASSERTED_BY_STATIC_INVENTORY,NOT_TESTED
action.application_open_app_settings,APPLICATION_OPEN_APP_SETTINGS,DEFAULT_ACTION,PRESENT,package,package,SCHEMA_ARM_PRESENT,core/execution/src/main/java/com/nexaflow/core/execution/handler/AppActionsHandler.kt,ExecutionEngine -> ActionRegistry -> family handler / capability router,NOT_ASSERTED_BY_STATIC_INVENTORY,NOT_TESTED
action.system_ring_volume,SYSTEM_RING_VOLUME,DEFAULT_ACTION,PRESENT,value,value,SCHEMA_ARM_PRESENT,core/execution/src/main/java/com/nexaflow/core/execution/handler/SoundActionsHandler.kt,ExecutionEngine -> ActionRegistry -> family handler / capability router,NOT_ASSERTED_BY_STATIC_INVENTORY,NOT_TESTED
action.system_set_ringtone,SYSTEM_SET_RINGTONE,DEFAULT_ACTION,PRESENT,uri,uri,SCHEMA_ARM_PRESENT,core/execution/src/main/java/com/nexaflow/core/execution/handler/SoundActionsHandler.kt,ExecutionEngine -> ActionRegistry -> family handler / capability router,NOT_ASSERTED_BY_STATIC_INVENTORY,NOT_TESTED
action.system_location,SYSTEM_LOCATION,DEFAULT_ACTION,PRESENT,,enabled,SHARED_TOGGLE_SCHEMA,core/execution/src/main/java/com/nexaflow/core/execution/handler/ConnectivityActionsHandler.kt,ExecutionEngine -> ActionRegistry -> family handler / capability router,NOT_ASSERTED_BY_STATIC_INVENTORY,NOT_TESTED
action.system_update_google_play_apps,SYSTEM_UPDATE_GOOGLE_PLAY_APPS,DEFAULT_ACTION,PRESENT,,,EMPTY_SCHEMA_FALLBACK,core/execution/src/main/java/com/nexaflow/core/execution/handler/SystemActionsHandler.kt,ExecutionEngine -> ActionRegistry -> family handler / capability router,NOT_ASSERTED_BY_STATIC_INVENTORY,NOT_TESTED
action.system_open_play_updates,SYSTEM_OPEN_PLAY_UPDATES,DEFAULT_ACTION,PRESENT,,,EMPTY_SCHEMA_FALLBACK,core/execution/src/main/java/com/nexaflow/core/execution/handler/SystemActionsHandler.kt,ExecutionEngine -> ActionRegistry -> family handler / capability router,NOT_ASSERTED_BY_STATIC_INVENTORY,NOT_TESTED
action.system_open_device_store,SYSTEM_OPEN_DEVICE_STORE,DEFAULT_ACTION,PRESENT,,,EMPTY_SCHEMA_FALLBACK,core/execution/src/main/java/com/nexaflow/core/execution/handler/SystemActionsHandler.kt,ExecutionEngine -> ActionRegistry -> family handler / capability router,NOT_ASSERTED_BY_STATIC_INVENTORY,NOT_TESTED
action.system_send_sms,SYSTEM_SEND_SMS,DEFAULT_ACTION,PRESENT,number|text,number|text,SCHEMA_ARM_PRESENT,core/execution/src/main/java/com/nexaflow/core/execution/handler/SystemActionsHandler.kt,ExecutionEngine -> ActionRegistry -> family handler / capability router,NOT_ASSERTED_BY_STATIC_INVENTORY,NOT_TESTED
action.sms_reply,SMS_REPLY,DEFAULT_ACTION,PRESENT,text,text,SCHEMA_ARM_PRESENT,core/execution/src/main/java/com/nexaflow/core/execution/handler/SystemActionsHandler.kt,ExecutionEngine -> ActionRegistry -> family handler / capability router,NOT_ASSERTED_BY_STATIC_INVENTORY,NOT_TESTED
action.sms_block_incoming,SMS_BLOCK_INCOMING,DEFAULT_ACTION,PRESENT,,,SCHEMA_ARM_PRESENT,core/execution/src/main/java/com/nexaflow/core/execution/handler/SystemActionsHandler.kt,ExecutionEngine -> ActionRegistry -> family handler / capability router,NOT_ASSERTED_BY_STATIC_INVENTORY,NOT_TESTED
action.system_send_reminder,SYSTEM_SEND_REMINDER,DEFAULT_ACTION,PRESENT,title|text|hour|minute,hour|minute|text|title,SCHEMA_ARM_PRESENT,core/execution/src/main/java/com/nexaflow/core/execution/handler/NotificationActionsHandler.kt,ExecutionEngine -> ActionRegistry -> family handler / capability router,NOT_ASSERTED_BY_STATIC_INVENTORY,NOT_TESTED
action.system_open_settings,SYSTEM_OPEN_SETTINGS,DEFAULT_ACTION,PRESENT,page,page,SCHEMA_ARM_PRESENT,core/execution/src/main/java/com/nexaflow/core/execution/handler/SystemActionsHandler.kt,ExecutionEngine -> ActionRegistry -> family handler / capability router,NOT_ASSERTED_BY_STATIC_INVENTORY,NOT_TESTED
action.system_wait,SYSTEM_WAIT,DEFAULT_ACTION,PRESENT,seconds,seconds,SCHEMA_ARM_PRESENT,core/execution/src/main/java/com/nexaflow/core/execution/handler/SystemActionsHandler.kt,ExecutionEngine -> ActionRegistry -> family handler / capability router,NOT_ASSERTED_BY_STATIC_INVENTORY,NOT_TESTED
action.battery_alerts,BATTERY_ALERTS,DEFAULT_ACTION,PRESENT,below|message|sound,message|sound,SCHEMA_ARM_PRESENT,core/execution/src/main/java/com/nexaflow/core/execution/handler/NotificationActionsHandler.kt,ExecutionEngine -> ActionRegistry -> family handler / capability router,NOT_ASSERTED_BY_STATIC_INVENTORY,NOT_TESTED
action.battery_charging_notifications,BATTERY_CHARGING_NOTIFICATIONS,DEFAULT_ACTION,PRESENT,message|sound,message|sound,SCHEMA_ARM_PRESENT,core/execution/src/main/java/com/nexaflow/core/execution/handler/NotificationActionsHandler.kt,ExecutionEngine -> ActionRegistry -> family handler / capability router,NOT_ASSERTED_BY_STATIC_INVENTORY,NOT_TESTED
action.application_launch_app,APPLICATION_LAUNCH_APP,DEFAULT_ACTION,PRESENT,packages|package,package,SCHEMA_ARM_PRESENT,core/execution/src/main/java/com/nexaflow/core/execution/handler/AppActionsHandler.kt,ExecutionEngine -> ActionRegistry -> family handler / capability router,NOT_ASSERTED_BY_STATIC_INVENTORY,NOT_TESTED
action.application_close_app,APPLICATION_CLOSE_APP,DEFAULT_ACTION,PRESENT,package,package,SCHEMA_ARM_PRESENT,core/execution/src/main/java/com/nexaflow/core/execution/handler/AppActionsHandler.kt,ExecutionEngine -> ActionRegistry -> family handler / capability router,NOT_ASSERTED_BY_STATIC_INVENTORY,NOT_TESTED
action.advanced_shizuku,ADVANCED_SHIZUKU,DEFAULT_ACTION,PRESENT,command,command,SCHEMA_ARM_PRESENT,core/execution/src/main/java/com/nexaflow/core/execution/handler/AdvancedActionsHandler.kt,ExecutionEngine -> ActionRegistry -> family handler / capability router,NOT_ASSERTED_BY_STATIC_INVENTORY,NOT_TESTED
action.advanced_root,ADVANCED_ROOT,DEFAULT_ACTION,PRESENT,command,command,SCHEMA_ARM_PRESENT,core/execution/src/main/java/com/nexaflow/core/execution/handler/AdvancedActionsHandler.kt,ExecutionEngine -> ActionRegistry -> family handler / capability router,NOT_ASSERTED_BY_STATIC_INVENTORY,NOT_TESTED
action.system_http_request,SYSTEM_HTTP_REQUEST,DEFAULT_ACTION,PRESENT,url|method|body|headers|auth_token|allowPrivateNetwork|timeoutMs|retryAttempts|retryBaseDelayMs|retryCapMs|outputPath,allowPrivateNetwork|body|headers|method|outputPath|retryAttempts|retryBaseDelayMs|retryCapMs|timeoutMs|url,SCHEMA_ARM_PRESENT,core/execution/src/main/java/com/nexaflow/core/execution/handler/HttpRequestHandler.kt,ExecutionEngine -> ActionRegistry -> family handler / capability router,NOT_ASSERTED_BY_STATIC_INVENTORY,NOT_TESTED
action.plugin_fire,PLUGIN_FIRE,DEFAULT_ACTION,PRESENT,package|receiver|pluginInstance|pluginApproval|pluginHighRiskApproval|editActivity|bundleJson|blurb,bundleJson|package|pluginApproval|receiver,SCHEMA_ARM_PRESENT,core/execution/src/main/java/com/nexaflow/core/execution/handler/PluginFireHandler.kt,ExecutionEngine -> ActionRegistry -> family handler / capability router,NOT_ASSERTED_BY_STATIC_INVENTORY,NOT_TESTED
action.system_vibrate,SYSTEM_VIBRATE,DEFAULT_ACTION,PRESENT,seconds,seconds,SCHEMA_ARM_PRESENT,core/execution/src/main/java/com/nexaflow/core/execution/handler/SystemActionsHandler.kt,ExecutionEngine -> ActionRegistry -> family handler / capability router,NOT_ASSERTED_BY_STATIC_INVENTORY,NOT_TESTED
action.system_wake_screen,SYSTEM_WAKE_SCREEN,DEFAULT_ACTION,PRESENT,,,EMPTY_SCHEMA_FALLBACK,core/execution/src/main/java/com/nexaflow/core/execution/handler/SystemActionsHandler.kt,ExecutionEngine -> ActionRegistry -> family handler / capability router,NOT_ASSERTED_BY_STATIC_INVENTORY,NOT_TESTED
action.system_clipboard_set,SYSTEM_CLIPBOARD_SET,DEFAULT_ACTION,PRESENT,text,text,SCHEMA_ARM_PRESENT,core/execution/src/main/java/com/nexaflow/core/execution/handler/SystemActionsHandler.kt,ExecutionEngine -> ActionRegistry -> family handler / capability router,NOT_ASSERTED_BY_STATIC_INVENTORY,NOT_TESTED
action.system_media_stop,SYSTEM_MEDIA_STOP,DEFAULT_ACTION,PRESENT,,,EMPTY_SCHEMA_FALLBACK,core/execution/src/main/java/com/nexaflow/core/execution/handler/MediaActionsHandler.kt,ExecutionEngine -> ActionRegistry -> family handler / capability router,NOT_ASSERTED_BY_STATIC_INVENTORY,NOT_TESTED
action.system_open_notifications,SYSTEM_OPEN_NOTIFICATIONS,DEFAULT_ACTION,PRESENT,,,EMPTY_SCHEMA_FALLBACK,core/execution/src/main/java/com/nexaflow/core/execution/handler/SystemActionsHandler.kt,ExecutionEngine -> ActionRegistry -> family handler / capability router,NOT_ASSERTED_BY_STATIC_INVENTORY,NOT_TESTED
action.system_open_quick_settings,SYSTEM_OPEN_QUICK_SETTINGS,DEFAULT_ACTION,PRESENT,,,EMPTY_SCHEMA_FALLBACK,core/execution/src/main/java/com/nexaflow/core/execution/handler/SystemActionsHandler.kt,ExecutionEngine -> ActionRegistry -> family handler / capability router,NOT_ASSERTED_BY_STATIC_INVENTORY,NOT_TESTED
action.system_set_setting,SYSTEM_SET_SETTING,DEFAULT_ACTION,PRESENT,namespace|key|value,key|namespace|value,SCHEMA_ARM_PRESENT,core/execution/src/main/java/com/nexaflow/core/execution/handler/RomSettingsActionHandler.kt|core/execution/src/main/java/com/nexaflow/core/execution/handler/SystemActionsHandler.kt,ExecutionEngine -> ActionRegistry -> family handler / capability router,NOT_ASSERTED_BY_STATIC_INVENTORY,NOT_TESTED
action.system_screenshot,SYSTEM_SCREENSHOT,DEFAULT_ACTION,PRESENT,filename,filename,SCHEMA_ARM_PRESENT,core/execution/src/main/java/com/nexaflow/core/execution/handler/SystemActionsHandler.kt,ExecutionEngine -> ActionRegistry -> family handler / capability router,NOT_ASSERTED_BY_STATIC_INVENTORY,NOT_TESTED
action.system_input_text,SYSTEM_INPUT_TEXT,DEFAULT_ACTION,PRESENT,text,text,SCHEMA_ARM_PRESENT,core/execution/src/main/java/com/nexaflow/core/execution/handler/SystemActionsHandler.kt,ExecutionEngine -> ActionRegistry -> family handler / capability router,NOT_ASSERTED_BY_STATIC_INVENTORY,NOT_TESTED
action.system_key_event,SYSTEM_KEY_EVENT,DEFAULT_ACTION,PRESENT,key,key,SCHEMA_ARM_PRESENT,core/execution/src/main/java/com/nexaflow/core/execution/handler/SystemActionsHandler.kt,ExecutionEngine -> ActionRegistry -> family handler / capability router,NOT_ASSERTED_BY_STATIC_INVENTORY,NOT_TESTED
action.system_input_tap,SYSTEM_INPUT_TAP,DEFAULT_ACTION,PRESENT,x|y,x|y,SCHEMA_ARM_PRESENT,core/execution/src/main/java/com/nexaflow/core/execution/handler/SystemActionsHandler.kt,ExecutionEngine -> ActionRegistry -> family handler / capability router,NOT_ASSERTED_BY_STATIC_INVENTORY,NOT_TESTED
action.system_input_swipe,SYSTEM_INPUT_SWIPE,DEFAULT_ACTION,PRESENT,x1|y1|x2|y2|durationMs,durationMs,SCHEMA_ARM_PRESENT,core/execution/src/main/java/com/nexaflow/core/execution/handler/SystemActionsHandler.kt,ExecutionEngine -> ActionRegistry -> family handler / capability router,NOT_ASSERTED_BY_STATIC_INVENTORY,NOT_TESTED
action.system_color_inversion,SYSTEM_COLOR_INVERSION,DEFAULT_ACTION,PRESENT,,enabled,SHARED_TOGGLE_SCHEMA,core/execution/src/main/java/com/nexaflow/core/execution/handler/SystemActionsHandler.kt,ExecutionEngine -> ActionRegistry -> family handler / capability router,NOT_ASSERTED_BY_STATIC_INVENTORY,NOT_TESTED
action.system_grayscale,SYSTEM_GRAYSCALE,DEFAULT_ACTION,PRESENT,,enabled,SHARED_TOGGLE_SCHEMA,core/execution/src/main/java/com/nexaflow/core/execution/handler/SystemActionsHandler.kt,ExecutionEngine -> ActionRegistry -> family handler / capability router,NOT_ASSERTED_BY_STATIC_INVENTORY,NOT_TESTED
action.system_extra_dim,SYSTEM_EXTRA_DIM,DEFAULT_ACTION,PRESENT,,enabled,SHARED_TOGGLE_SCHEMA,core/execution/src/main/java/com/nexaflow/core/execution/handler/SystemActionsHandler.kt,ExecutionEngine -> ActionRegistry -> family handler / capability router,NOT_ASSERTED_BY_STATIC_INVENTORY,NOT_TESTED
action.system_night_light,SYSTEM_NIGHT_LIGHT,DEFAULT_ACTION,PRESENT,,enabled,SHARED_TOGGLE_SCHEMA,core/execution/src/main/java/com/nexaflow/core/execution/handler/SystemActionsHandler.kt,ExecutionEngine -> ActionRegistry -> family handler / capability router,NOT_ASSERTED_BY_STATIC_INVENTORY,NOT_TESTED
action.system_haptic_feedback,SYSTEM_HAPTIC_FEEDBACK,DEFAULT_ACTION,PRESENT,,enabled,SHARED_TOGGLE_SCHEMA,core/execution/src/main/java/com/nexaflow/core/execution/handler/SystemActionsHandler.kt,ExecutionEngine -> ActionRegistry -> family handler / capability router,NOT_ASSERTED_BY_STATIC_INVENTORY,NOT_TESTED
action.system_sound_effects,SYSTEM_SOUND_EFFECTS,DEFAULT_ACTION,PRESENT,,enabled,SHARED_TOGGLE_SCHEMA,core/execution/src/main/java/com/nexaflow/core/execution/handler/SystemActionsHandler.kt,ExecutionEngine -> ActionRegistry -> family handler / capability router,NOT_ASSERTED_BY_STATIC_INVENTORY,NOT_TESTED
action.system_force_stop_app,SYSTEM_FORCE_STOP_APP,DEFAULT_ACTION,PRESENT,package,package,SCHEMA_ARM_PRESENT,core/execution/src/main/java/com/nexaflow/core/execution/handler/SystemActionsHandler.kt,ExecutionEngine -> ActionRegistry -> family handler / capability router,NOT_ASSERTED_BY_STATIC_INVENTORY,NOT_TESTED
action.system_clear_app_data,SYSTEM_CLEAR_APP_DATA,DEFAULT_ACTION,PRESENT,package,package,SCHEMA_ARM_PRESENT,core/execution/src/main/java/com/nexaflow/core/execution/handler/SystemActionsHandler.kt,ExecutionEngine -> ActionRegistry -> family handler / capability router,NOT_ASSERTED_BY_STATIC_INVENTORY,NOT_TESTED
action.system_location_mode,SYSTEM_LOCATION_MODE,DEFAULT_ACTION,PRESENT,mode,mode,SCHEMA_ARM_PRESENT,core/execution/src/main/java/com/nexaflow/core/execution/handler/SystemActionsHandler.kt,ExecutionEngine -> ActionRegistry -> family handler / capability router,NOT_ASSERTED_BY_STATIC_INVENTORY,NOT_TESTED
action.system_data_saver,SYSTEM_DATA_SAVER,DEFAULT_ACTION,PRESENT,,enabled,SHARED_TOGGLE_SCHEMA,core/execution/src/main/java/com/nexaflow/core/execution/handler/SystemActionsHandler.kt,ExecutionEngine -> ActionRegistry -> family handler / capability router,NOT_ASSERTED_BY_STATIC_INVENTORY,NOT_TESTED
action.system_font_scale,SYSTEM_FONT_SCALE,DEFAULT_ACTION,PRESENT,scale,scale,SCHEMA_ARM_PRESENT,core/execution/src/main/java/com/nexaflow/core/execution/handler/SystemActionsHandler.kt,ExecutionEngine -> ActionRegistry -> family handler / capability router,NOT_ASSERTED_BY_STATIC_INVENTORY,NOT_TESTED
action.system_display_density,SYSTEM_DISPLAY_DENSITY,DEFAULT_ACTION,PRESENT,dpi|density,dpi,SCHEMA_ARM_PRESENT,core/execution/src/main/java/com/nexaflow/core/execution/handler/SystemActionsHandler.kt,ExecutionEngine -> ActionRegistry -> family handler / capability router,NOT_ASSERTED_BY_STATIC_INVENTORY,NOT_TESTED
action.system_screensaver,SYSTEM_SCREENSAVER,DEFAULT_ACTION,PRESENT,,enabled,SHARED_TOGGLE_SCHEMA,core/execution/src/main/java/com/nexaflow/core/execution/handler/SystemActionsHandler.kt,ExecutionEngine -> ActionRegistry -> family handler / capability router,NOT_ASSERTED_BY_STATIC_INVENTORY,NOT_TESTED
action.system_battery_saver_threshold,SYSTEM_BATTERY_SAVER_THRESHOLD,DEFAULT_ACTION,PRESENT,percent|level,percent,SCHEMA_ARM_PRESENT,core/execution/src/main/java/com/nexaflow/core/execution/handler/SystemActionsHandler.kt,ExecutionEngine -> ActionRegistry -> family handler / capability router,NOT_ASSERTED_BY_STATIC_INVENTORY,NOT_TESTED
action.system_charging_limit,SYSTEM_CHARGING_LIMIT,DEFAULT_ACTION,PRESENT,percent,percent,SCHEMA_ARM_PRESENT,core/execution/src/main/java/com/nexaflow/core/execution/handler/SystemActionsHandler.kt,ExecutionEngine -> ActionRegistry -> family handler / capability router,NOT_ASSERTED_BY_STATIC_INVENTORY,NOT_TESTED
action.system_charging_feedback,SYSTEM_CHARGING_FEEDBACK,DEFAULT_ACTION,PRESENT,sound|vibration,sound|vibration,SCHEMA_ARM_PRESENT,core/execution/src/main/java/com/nexaflow/core/execution/handler/SystemActionsHandler.kt,ExecutionEngine -> ActionRegistry -> family handler / capability router,NOT_ASSERTED_BY_STATIC_INVENTORY,NOT_TESTED
action.system_always_on_display,SYSTEM_ALWAYS_ON_DISPLAY,DEFAULT_ACTION,PRESENT,,enabled,SHARED_TOGGLE_SCHEMA,core/execution/src/main/java/com/nexaflow/core/execution/handler/SystemActionsHandler.kt,ExecutionEngine -> ActionRegistry -> family handler / capability router,NOT_ASSERTED_BY_STATIC_INVENTORY,NOT_TESTED
action.system_show_taps,SYSTEM_SHOW_TAPS,DEFAULT_ACTION,PRESENT,,enabled,SHARED_TOGGLE_SCHEMA,core/execution/src/main/java/com/nexaflow/core/execution/handler/SystemActionsHandler.kt,ExecutionEngine -> ActionRegistry -> family handler / capability router,NOT_ASSERTED_BY_STATIC_INVENTORY,NOT_TESTED
action.system_pointer_location,SYSTEM_POINTER_LOCATION,DEFAULT_ACTION,PRESENT,,enabled,SHARED_TOGGLE_SCHEMA,core/execution/src/main/java/com/nexaflow/core/execution/handler/SystemActionsHandler.kt,ExecutionEngine -> ActionRegistry -> family handler / capability router,NOT_ASSERTED_BY_STATIC_INVENTORY,NOT_TESTED
action.system_adaptive_battery,SYSTEM_ADAPTIVE_BATTERY,DEFAULT_ACTION,PRESENT,,enabled,SHARED_TOGGLE_SCHEMA,core/execution/src/main/java/com/nexaflow/core/execution/handler/SystemActionsHandler.kt,ExecutionEngine -> ActionRegistry -> family handler / capability router,NOT_ASSERTED_BY_STATIC_INVENTORY,NOT_TESTED
action.system_wifi_sleep_policy,SYSTEM_WIFI_SLEEP_POLICY,DEFAULT_ACTION,PRESENT,policy,policy,SCHEMA_ARM_PRESENT,core/execution/src/main/java/com/nexaflow/core/execution/handler/SystemActionsHandler.kt,ExecutionEngine -> ActionRegistry -> family handler / capability router,NOT_ASSERTED_BY_STATIC_INVENTORY,NOT_TESTED
action.system_bluetooth_discoverability,SYSTEM_BLUETOOTH_DISCOVERABILITY,DEFAULT_ACTION,PRESENT,timeoutSeconds,timeoutSeconds,SCHEMA_ARM_PRESENT,core/execution/src/main/java/com/nexaflow/core/execution/handler/SystemActionsHandler.kt,ExecutionEngine -> ActionRegistry -> family handler / capability router,NOT_ASSERTED_BY_STATIC_INVENTORY,NOT_TESTED
action.system_auto_time,SYSTEM_AUTO_TIME,DEFAULT_ACTION,PRESENT,,enabled,SHARED_TOGGLE_SCHEMA,core/execution/src/main/java/com/nexaflow/core/execution/handler/SystemActionsHandler.kt,ExecutionEngine -> ActionRegistry -> family handler / capability router,NOT_ASSERTED_BY_STATIC_INVENTORY,NOT_TESTED
action.system_auto_timezone,SYSTEM_AUTO_TIMEZONE,DEFAULT_ACTION,PRESENT,,enabled,SHARED_TOGGLE_SCHEMA,core/execution/src/main/java/com/nexaflow/core/execution/handler/SystemActionsHandler.kt,ExecutionEngine -> ActionRegistry -> family handler / capability router,NOT_ASSERTED_BY_STATIC_INVENTORY,NOT_TESTED
action.system_haptic_intensity,SYSTEM_HAPTIC_INTENSITY,DEFAULT_ACTION,PRESENT,level,level,SCHEMA_ARM_PRESENT,core/execution/src/main/java/com/nexaflow/core/execution/handler/SystemActionsHandler.kt,ExecutionEngine -> ActionRegistry -> family handler / capability router,NOT_ASSERTED_BY_STATIC_INVENTORY,NOT_TESTED
action.system_camera_shutter_sound,SYSTEM_CAMERA_SHUTTER_SOUND,DEFAULT_ACTION,PRESENT,,enabled,SHARED_TOGGLE_SCHEMA,core/execution/src/main/java/com/nexaflow/core/execution/handler/SystemActionsHandler.kt,ExecutionEngine -> ActionRegistry -> family handler / capability router,NOT_ASSERTED_BY_STATIC_INVENTORY,NOT_TESTED
action.system_wifi_scanning,SYSTEM_WIFI_SCANNING,DEFAULT_ACTION,PRESENT,,enabled,SHARED_TOGGLE_SCHEMA,core/execution/src/main/java/com/nexaflow/core/execution/handler/SystemActionsHandler.kt,ExecutionEngine -> ActionRegistry -> family handler / capability router,NOT_ASSERTED_BY_STATIC_INVENTORY,NOT_TESTED
action.system_open_wifi_settings,SYSTEM_OPEN_WIFI_SETTINGS,DEFAULT_ACTION,PRESENT,,,EMPTY_SCHEMA_FALLBACK,core/execution/src/main/java/com/nexaflow/core/execution/handler/SystemActionsHandler.kt,ExecutionEngine -> ActionRegistry -> family handler / capability router,NOT_ASSERTED_BY_STATIC_INVENTORY,NOT_TESTED
action.system_open_bluetooth_settings,SYSTEM_OPEN_BLUETOOTH_SETTINGS,DEFAULT_ACTION,PRESENT,,,EMPTY_SCHEMA_FALLBACK,core/execution/src/main/java/com/nexaflow/core/execution/handler/SystemActionsHandler.kt,ExecutionEngine -> ActionRegistry -> family handler / capability router,NOT_ASSERTED_BY_STATIC_INVENTORY,NOT_TESTED
action.system_open_location_settings,SYSTEM_OPEN_LOCATION_SETTINGS,DEFAULT_ACTION,PRESENT,,,EMPTY_SCHEMA_FALLBACK,core/execution/src/main/java/com/nexaflow/core/execution/handler/SystemActionsHandler.kt,ExecutionEngine -> ActionRegistry -> family handler / capability router,NOT_ASSERTED_BY_STATIC_INVENTORY,NOT_TESTED
action.system_open_data_usage_settings,SYSTEM_OPEN_DATA_USAGE_SETTINGS,DEFAULT_ACTION,PRESENT,,,EMPTY_SCHEMA_FALLBACK,core/execution/src/main/java/com/nexaflow/core/execution/handler/SystemActionsHandler.kt,ExecutionEngine -> ActionRegistry -> family handler / capability router,NOT_ASSERTED_BY_STATIC_INVENTORY,NOT_TESTED
action.system_open_battery_settings,SYSTEM_OPEN_BATTERY_SETTINGS,DEFAULT_ACTION,PRESENT,,,EMPTY_SCHEMA_FALLBACK,core/execution/src/main/java/com/nexaflow/core/execution/handler/SystemActionsHandler.kt,ExecutionEngine -> ActionRegistry -> family handler / capability router,NOT_ASSERTED_BY_STATIC_INVENTORY,NOT_TESTED
action.system_open_display_settings,SYSTEM_OPEN_DISPLAY_SETTINGS,DEFAULT_ACTION,PRESENT,,,EMPTY_SCHEMA_FALLBACK,core/execution/src/main/java/com/nexaflow/core/execution/handler/SystemActionsHandler.kt,ExecutionEngine -> ActionRegistry -> family handler / capability router,NOT_ASSERTED_BY_STATIC_INVENTORY,NOT_TESTED
action.system_open_sound_settings,SYSTEM_OPEN_SOUND_SETTINGS,DEFAULT_ACTION,PRESENT,,,EMPTY_SCHEMA_FALLBACK,core/execution/src/main/java/com/nexaflow/core/execution/handler/SystemActionsHandler.kt,ExecutionEngine -> ActionRegistry -> family handler / capability router,NOT_ASSERTED_BY_STATIC_INVENTORY,NOT_TESTED
action.system_open_storage_settings,SYSTEM_OPEN_STORAGE_SETTINGS,DEFAULT_ACTION,PRESENT,,,EMPTY_SCHEMA_FALLBACK,core/execution/src/main/java/com/nexaflow/core/execution/handler/SystemActionsHandler.kt,ExecutionEngine -> ActionRegistry -> family handler / capability router,NOT_ASSERTED_BY_STATIC_INVENTORY,NOT_TESTED
action.system_open_security_settings,SYSTEM_OPEN_SECURITY_SETTINGS,DEFAULT_ACTION,PRESENT,,,EMPTY_SCHEMA_FALLBACK,core/execution/src/main/java/com/nexaflow/core/execution/handler/SystemActionsHandler.kt,ExecutionEngine -> ActionRegistry -> family handler / capability router,NOT_ASSERTED_BY_STATIC_INVENTORY,NOT_TESTED
action.system_open_accessibility_settings,SYSTEM_OPEN_ACCESSIBILITY_SETTINGS,DEFAULT_ACTION,PRESENT,,,EMPTY_SCHEMA_FALLBACK,core/execution/src/main/java/com/nexaflow/core/execution/handler/SystemActionsHandler.kt,ExecutionEngine -> ActionRegistry -> family handler / capability router,NOT_ASSERTED_BY_STATIC_INVENTORY,NOT_TESTED
action.system_open_app_settings_list,SYSTEM_OPEN_APP_SETTINGS_LIST,DEFAULT_ACTION,PRESENT,,,EMPTY_SCHEMA_FALLBACK,core/execution/src/main/java/com/nexaflow/core/execution/handler/SystemActionsHandler.kt,ExecutionEngine -> ActionRegistry -> family handler / capability router,NOT_ASSERTED_BY_STATIC_INVENTORY,NOT_TESTED
action.system_open_about_phone,SYSTEM_OPEN_ABOUT_PHONE,DEFAULT_ACTION,PRESENT,,,EMPTY_SCHEMA_FALLBACK,core/execution/src/main/java/com/nexaflow/core/execution/handler/SystemActionsHandler.kt,ExecutionEngine -> ActionRegistry -> family handler / capability router,NOT_ASSERTED_BY_STATIC_INVENTORY,NOT_TESTED
action.system_media_fast_forward,SYSTEM_MEDIA_FAST_FORWARD,DEFAULT_ACTION,PRESENT,,,EMPTY_SCHEMA_FALLBACK,core/execution/src/main/java/com/nexaflow/core/execution/handler/SystemActionsHandler.kt,ExecutionEngine -> ActionRegistry -> family handler / capability router,NOT_ASSERTED_BY_STATIC_INVENTORY,NOT_TESTED
action.system_media_rewind,SYSTEM_MEDIA_REWIND,DEFAULT_ACTION,PRESENT,,,EMPTY_SCHEMA_FALLBACK,core/execution/src/main/java/com/nexaflow/core/execution/handler/SystemActionsHandler.kt,ExecutionEngine -> ActionRegistry -> family handler / capability router,NOT_ASSERTED_BY_STATIC_INVENTORY,NOT_TESTED
action.system_dial_number,SYSTEM_DIAL_NUMBER,DEFAULT_ACTION,PRESENT,number,number,SCHEMA_ARM_PRESENT,core/execution/src/main/java/com/nexaflow/core/execution/handler/SystemActionsHandler.kt,ExecutionEngine -> ActionRegistry -> family handler / capability router,NOT_ASSERTED_BY_STATIC_INVENTORY,NOT_TESTED
action.system_open_camera,SYSTEM_OPEN_CAMERA,DEFAULT_ACTION,PRESENT,,,EMPTY_SCHEMA_FALLBACK,core/execution/src/main/java/com/nexaflow/core/execution/handler/SystemActionsHandler.kt,ExecutionEngine -> ActionRegistry -> family handler / capability router,NOT_ASSERTED_BY_STATIC_INVENTORY,NOT_TESTED
action.system_open_play_store_app,SYSTEM_OPEN_PLAY_STORE_APP,DEFAULT_ACTION,PRESENT,package,,SCHEMA_ARM_PRESENT,core/execution/src/main/java/com/nexaflow/core/execution/handler/SystemActionsHandler.kt,ExecutionEngine -> ActionRegistry -> family handler / capability router,NOT_ASSERTED_BY_STATIC_INVENTORY,NOT_TESTED
action.system_open_system_update_settings,SYSTEM_OPEN_SYSTEM_UPDATE_SETTINGS,DEFAULT_ACTION,PRESENT,,,EMPTY_SCHEMA_FALLBACK,core/execution/src/main/java/com/nexaflow/core/execution/handler/SystemActionsHandler.kt,ExecutionEngine -> ActionRegistry -> family handler / capability router,NOT_ASSERTED_BY_STATIC_INVENTORY,NOT_TESTED
action.system_media_play_from_search,SYSTEM_MEDIA_PLAY_FROM_SEARCH,DEFAULT_ACTION,PRESENT,query|package,package|query,SCHEMA_ARM_PRESENT,core/execution/src/main/java/com/nexaflow/core/execution/handler/SystemActionsHandler.kt,ExecutionEngine -> ActionRegistry -> family handler / capability router,NOT_ASSERTED_BY_STATIC_INVENTORY,NOT_TESTED
action.system_reboot,SYSTEM_REBOOT,DEFAULT_ACTION,PRESENT,mode,,SCHEMA_ARM_PRESENT,core/execution/src/main/java/com/nexaflow/core/execution/handler/SystemActionsHandler.kt,ExecutionEngine -> ActionRegistry -> family handler / capability router,NOT_ASSERTED_BY_STATIC_INVENTORY,NOT_TESTED
action.system_shutdown,SYSTEM_SHUTDOWN,DEFAULT_ACTION,PRESENT,,,EMPTY_SCHEMA_FALLBACK,core/execution/src/main/java/com/nexaflow/core/execution/handler/SystemActionsHandler.kt,ExecutionEngine -> ActionRegistry -> family handler / capability router,NOT_ASSERTED_BY_STATIC_INVENTORY,NOT_TESTED
action.system_restart_system_ui,SYSTEM_RESTART_SYSTEM_UI,DEFAULT_ACTION,PRESENT,,,EMPTY_SCHEMA_FALLBACK,core/execution/src/main/java/com/nexaflow/core/execution/handler/SystemActionsHandler.kt,ExecutionEngine -> ActionRegistry -> family handler / capability router,NOT_ASSERTED_BY_STATIC_INVENTORY,NOT_TESTED
action.system_toast,SYSTEM_TOAST,DEFAULT_ACTION,PRESENT,text,text,SCHEMA_ARM_PRESENT,core/execution/src/main/java/com/nexaflow/core/execution/handler/SystemActionsHandler.kt,ExecutionEngine -> ActionRegistry -> family handler / capability router,NOT_ASSERTED_BY_STATIC_INVENTORY,NOT_TESTED
action.system_alert,SYSTEM_ALERT,DEFAULT_ACTION,PRESENT,title|text,text|title,SCHEMA_ARM_PRESENT,core/execution/src/main/java/com/nexaflow/core/execution/handler/SystemActionsHandler.kt,ExecutionEngine -> ActionRegistry -> family handler / capability router,NOT_ASSERTED_BY_STATIC_INVENTORY,NOT_TESTED
action.system_vibrate_pattern,SYSTEM_VIBRATE_PATTERN,DEFAULT_ACTION,PRESENT,pattern,pattern,SCHEMA_ARM_PRESENT,core/execution/src/main/java/com/nexaflow/core/execution/handler/SystemActionsHandler.kt,ExecutionEngine -> ActionRegistry -> family handler / capability router,NOT_ASSERTED_BY_STATIC_INVENTORY,NOT_TESTED
action.system_paste,SYSTEM_PASTE,DEFAULT_ACTION,PRESENT,,,EMPTY_SCHEMA_FALLBACK,core/execution/src/main/java/com/nexaflow/core/execution/handler/SystemActionsHandler.kt,ExecutionEngine -> ActionRegistry -> family handler / capability router,NOT_ASSERTED_BY_STATIC_INVENTORY,NOT_TESTED
action.system_open_app_drawer,SYSTEM_OPEN_APP_DRAWER,DEFAULT_ACTION,PRESENT,,,EMPTY_SCHEMA_FALLBACK,core/execution/src/main/java/com/nexaflow/core/execution/handler/SystemActionsHandler.kt,ExecutionEngine -> ActionRegistry -> family handler / capability router,NOT_ASSERTED_BY_STATIC_INVENTORY,NOT_TESTED
action.system_toggle_pip,SYSTEM_TOGGLE_PIP,DEFAULT_ACTION,PRESENT,,,EMPTY_SCHEMA_FALLBACK,core/execution/src/main/java/com/nexaflow/core/execution/handler/SystemActionsHandler.kt,ExecutionEngine -> ActionRegistry -> family handler / capability router,NOT_ASSERTED_BY_STATIC_INVENTORY,NOT_TESTED
action.system_wifi_connect,SYSTEM_WIFI_CONNECT,DEFAULT_ACTION,PRESENT,ssid,password|ssid,SCHEMA_ARM_PRESENT,core/execution/src/main/java/com/nexaflow/core/execution/handler/SystemActionsHandler.kt,ExecutionEngine -> ActionRegistry -> family handler / capability router,NOT_ASSERTED_BY_STATIC_INVENTORY,NOT_TESTED
action.system_wifi_forget,SYSTEM_WIFI_FORGET,DEFAULT_ACTION,PRESENT,ssid,ssid,SCHEMA_ARM_PRESENT,core/execution/src/main/java/com/nexaflow/core/execution/handler/SystemActionsHandler.kt,ExecutionEngine -> ActionRegistry -> family handler / capability router,NOT_ASSERTED_BY_STATIC_INVENTORY,NOT_TESTED
action.system_data_roaming,SYSTEM_DATA_ROAMING,DEFAULT_ACTION,PRESENT,,enabled,SHARED_TOGGLE_SCHEMA,core/execution/src/main/java/com/nexaflow/core/execution/handler/SystemActionsHandler.kt,ExecutionEngine -> ActionRegistry -> family handler / capability router,NOT_ASSERTED_BY_STATIC_INVENTORY,NOT_TESTED
action.system_screensaver_timeout,SYSTEM_SCREENSAVER_TIMEOUT,DEFAULT_ACTION,PRESENT,minutes,minutes,SCHEMA_ARM_PRESENT,core/execution/src/main/java/com/nexaflow/core/execution/handler/SystemActionsHandler.kt,ExecutionEngine -> ActionRegistry -> family handler / capability router,NOT_ASSERTED_BY_STATIC_INVENTORY,NOT_TESTED
action.system_pointer_speed,SYSTEM_POINTER_SPEED,DEFAULT_ACTION,PRESENT,speed,speed,SCHEMA_ARM_PRESENT,core/execution/src/main/java/com/nexaflow/core/execution/handler/SystemActionsHandler.kt,ExecutionEngine -> ActionRegistry -> family handler / capability router,NOT_ASSERTED_BY_STATIC_INVENTORY,NOT_TESTED
action.system_install_apk,SYSTEM_INSTALL_APK,DEFAULT_ACTION,PRESENT,path,path,SCHEMA_ARM_PRESENT,core/execution/src/main/java/com/nexaflow/core/execution/handler/SystemActionsHandler.kt,ExecutionEngine -> ActionRegistry -> family handler / capability router,NOT_ASSERTED_BY_STATIC_INVENTORY,NOT_TESTED
action.system_uninstall_app,SYSTEM_UNINSTALL_APP,DEFAULT_ACTION,PRESENT,package,package,SCHEMA_ARM_PRESENT,core/execution/src/main/java/com/nexaflow/core/execution/handler/SystemActionsHandler.kt,ExecutionEngine -> ActionRegistry -> family handler / capability router,NOT_ASSERTED_BY_STATIC_INVENTORY,NOT_TESTED
action.system_disable_app,SYSTEM_DISABLE_APP,DEFAULT_ACTION,PRESENT,package,package,SCHEMA_ARM_PRESENT,core/execution/src/main/java/com/nexaflow/core/execution/handler/SystemActionsHandler.kt,ExecutionEngine -> ActionRegistry -> family handler / capability router,NOT_ASSERTED_BY_STATIC_INVENTORY,NOT_TESTED
action.system_enable_app,SYSTEM_ENABLE_APP,DEFAULT_ACTION,PRESENT,package,package,SCHEMA_ARM_PRESENT,core/execution/src/main/java/com/nexaflow/core/execution/handler/SystemActionsHandler.kt,ExecutionEngine -> ActionRegistry -> family handler / capability router,NOT_ASSERTED_BY_STATIC_INVENTORY,NOT_TESTED
action.system_set_notification_tone,SYSTEM_SET_NOTIFICATION_TONE,DEFAULT_ACTION,PRESENT,tone,tone,SCHEMA_ARM_PRESENT,core/execution/src/main/java/com/nexaflow/core/execution/handler/SystemActionsHandler.kt,ExecutionEngine -> ActionRegistry -> family handler / capability router,NOT_ASSERTED_BY_STATIC_INVENTORY,NOT_TESTED
action.system_call_vibration,SYSTEM_CALL_VIBRATION,DEFAULT_ACTION,PRESENT,,enabled,SHARED_TOGGLE_SCHEMA,core/execution/src/main/java/com/nexaflow/core/execution/handler/SystemActionsHandler.kt,ExecutionEngine -> ActionRegistry -> family handler / capability router,NOT_ASSERTED_BY_STATIC_INVENTORY,NOT_TESTED
action.system_open_network_settings,SYSTEM_OPEN_NETWORK_SETTINGS,DEFAULT_ACTION,PRESENT,,,EMPTY_SCHEMA_FALLBACK,core/execution/src/main/java/com/nexaflow/core/execution/handler/SystemActionsHandler.kt,ExecutionEngine -> ActionRegistry -> family handler / capability router,NOT_ASSERTED_BY_STATIC_INVENTORY,NOT_TESTED
action.system_open_nfc_settings,SYSTEM_OPEN_NFC_SETTINGS,DEFAULT_ACTION,PRESENT,,,EMPTY_SCHEMA_FALLBACK,core/execution/src/main/java/com/nexaflow/core/execution/handler/SystemActionsHandler.kt,ExecutionEngine -> ActionRegistry -> family handler / capability router,NOT_ASSERTED_BY_STATIC_INVENTORY,NOT_TESTED
action.system_open_data_saver_settings,SYSTEM_OPEN_DATA_SAVER_SETTINGS,DEFAULT_ACTION,PRESENT,,,EMPTY_SCHEMA_FALLBACK,core/execution/src/main/java/com/nexaflow/core/execution/handler/SystemActionsHandler.kt,ExecutionEngine -> ActionRegistry -> family handler / capability router,NOT_ASSERTED_BY_STATIC_INVENTORY,NOT_TESTED
action.system_open_developer_settings,SYSTEM_OPEN_DEVELOPER_SETTINGS,DEFAULT_ACTION,PRESENT,,,EMPTY_SCHEMA_FALLBACK,core/execution/src/main/java/com/nexaflow/core/execution/handler/SystemActionsHandler.kt,ExecutionEngine -> ActionRegistry -> family handler / capability router,NOT_ASSERTED_BY_STATIC_INVENTORY,NOT_TESTED
action.system_open_maps,SYSTEM_OPEN_MAPS,DEFAULT_ACTION,PRESENT,lat|lng,lat|lng,SCHEMA_ARM_PRESENT,core/execution/src/main/java/com/nexaflow/core/execution/handler/SystemActionsHandler.kt,ExecutionEngine -> ActionRegistry -> family handler / capability router,NOT_ASSERTED_BY_STATIC_INVENTORY,NOT_TESTED
action.system_soft_restart,SYSTEM_SOFT_RESTART,DEFAULT_ACTION,PRESENT,,,EMPTY_SCHEMA_FALLBACK,core/execution/src/main/java/com/nexaflow/core/execution/handler/SystemActionsHandler.kt,ExecutionEngine -> ActionRegistry -> family handler / capability router,NOT_ASSERTED_BY_STATIC_INVENTORY,NOT_TESTED
action.system_status_bar_toggle,SYSTEM_STATUS_BAR_TOGGLE,DEFAULT_ACTION,PRESENT,,enabled,SHARED_TOGGLE_SCHEMA,core/execution/src/main/java/com/nexaflow/core/execution/handler/SystemActionsHandler.kt,ExecutionEngine -> ActionRegistry -> family handler / capability router,NOT_ASSERTED_BY_STATIC_INVENTORY,NOT_TESTED
action.system_open_contacts,SYSTEM_OPEN_CONTACTS,DEFAULT_ACTION,PRESENT,,,EMPTY_SCHEMA_FALLBACK,core/execution/src/main/java/com/nexaflow/core/execution/handler/SystemActionsHandler.kt,ExecutionEngine -> ActionRegistry -> family handler / capability router,NOT_ASSERTED_BY_STATIC_INVENTORY,NOT_TESTED
action.system_send_email,SYSTEM_SEND_EMAIL,DEFAULT_ACTION,PRESENT,to|subject|body,body|subject|to,SCHEMA_ARM_PRESENT,core/execution/src/main/java/com/nexaflow/core/execution/handler/SystemActionsHandler.kt,ExecutionEngine -> ActionRegistry -> family handler / capability router,NOT_ASSERTED_BY_STATIC_INVENTORY,NOT_TESTED
action.system_open_notification_settings,SYSTEM_OPEN_NOTIFICATION_SETTINGS,DEFAULT_ACTION,PRESENT,,,EMPTY_SCHEMA_FALLBACK,core/execution/src/main/java/com/nexaflow/core/execution/handler/SystemActionsHandler.kt,ExecutionEngine -> ActionRegistry -> family handler / capability router,NOT_ASSERTED_BY_STATIC_INVENTORY,NOT_TESTED
action.system_open_privacy_settings,SYSTEM_OPEN_PRIVACY_SETTINGS,DEFAULT_ACTION,PRESENT,,,EMPTY_SCHEMA_FALLBACK,core/execution/src/main/java/com/nexaflow/core/execution/handler/SystemActionsHandler.kt,ExecutionEngine -> ActionRegistry -> family handler / capability router,NOT_ASSERTED_BY_STATIC_INVENTORY,NOT_TESTED
action.system_open_cast_settings,SYSTEM_OPEN_CAST_SETTINGS,DEFAULT_ACTION,PRESENT,,,EMPTY_SCHEMA_FALLBACK,core/execution/src/main/java/com/nexaflow/core/execution/handler/SystemActionsHandler.kt,ExecutionEngine -> ActionRegistry -> family handler / capability router,NOT_ASSERTED_BY_STATIC_INVENTORY,NOT_TESTED
action.system_open_input_method_settings,SYSTEM_OPEN_INPUT_METHOD_SETTINGS,DEFAULT_ACTION,PRESENT,,,EMPTY_SCHEMA_FALLBACK,core/execution/src/main/java/com/nexaflow/core/execution/handler/SystemActionsHandler.kt,ExecutionEngine -> ActionRegistry -> family handler / capability router,NOT_ASSERTED_BY_STATIC_INVENTORY,NOT_TESTED
action.system_open_default_apps_settings,SYSTEM_OPEN_DEFAULT_APPS_SETTINGS,DEFAULT_ACTION,PRESENT,,,EMPTY_SCHEMA_FALLBACK,core/execution/src/main/java/com/nexaflow/core/execution/handler/SystemActionsHandler.kt,ExecutionEngine -> ActionRegistry -> family handler / capability router,NOT_ASSERTED_BY_STATIC_INVENTORY,NOT_TESTED
action.system_open_vpn_settings,SYSTEM_OPEN_VPN_SETTINGS,DEFAULT_ACTION,PRESENT,,,EMPTY_SCHEMA_FALLBACK,core/execution/src/main/java/com/nexaflow/core/execution/handler/SystemActionsHandler.kt,ExecutionEngine -> ActionRegistry -> family handler / capability router,NOT_ASSERTED_BY_STATIC_INVENTORY,NOT_TESTED
action.system_open_date_settings,SYSTEM_OPEN_DATE_SETTINGS,DEFAULT_ACTION,PRESENT,,,EMPTY_SCHEMA_FALLBACK,core/execution/src/main/java/com/nexaflow/core/execution/handler/SystemActionsHandler.kt,ExecutionEngine -> ActionRegistry -> family handler / capability router,NOT_ASSERTED_BY_STATIC_INVENTORY,NOT_TESTED
action.system_open_print_settings,SYSTEM_OPEN_PRINT_SETTINGS,DEFAULT_ACTION,PRESENT,,,EMPTY_SCHEMA_FALLBACK,core/execution/src/main/java/com/nexaflow/core/execution/handler/SystemActionsHandler.kt,ExecutionEngine -> ActionRegistry -> family handler / capability router,NOT_ASSERTED_BY_STATIC_INVENTORY,NOT_TESTED
action.system_open_device_admin_settings,SYSTEM_OPEN_DEVICE_ADMIN_SETTINGS,DEFAULT_ACTION,PRESENT,,,EMPTY_SCHEMA_FALLBACK,core/execution/src/main/java/com/nexaflow/core/execution/handler/SystemActionsHandler.kt,ExecutionEngine -> ActionRegistry -> family handler / capability router,NOT_ASSERTED_BY_STATIC_INVENTORY,NOT_TESTED
action.system_open_usage_access_settings,SYSTEM_OPEN_USAGE_ACCESS_SETTINGS,DEFAULT_ACTION,PRESENT,,,EMPTY_SCHEMA_FALLBACK,core/execution/src/main/java/com/nexaflow/core/execution/handler/SystemActionsHandler.kt,ExecutionEngine -> ActionRegistry -> family handler / capability router,NOT_ASSERTED_BY_STATIC_INVENTORY,NOT_TESTED
action.system_open_airplane_mode_settings,SYSTEM_OPEN_AIRPLANE_MODE_SETTINGS,DEFAULT_ACTION,PRESENT,,,EMPTY_SCHEMA_FALLBACK,core/execution/src/main/java/com/nexaflow/core/execution/handler/SystemActionsHandler.kt,ExecutionEngine -> ActionRegistry -> family handler / capability router,NOT_ASSERTED_BY_STATIC_INVENTORY,NOT_TESTED
action.system_bluetooth_scan,SYSTEM_BLUETOOTH_SCAN,DEFAULT_ACTION,PRESENT,,,EMPTY_SCHEMA_FALLBACK,core/execution/src/main/java/com/nexaflow/core/execution/handler/SystemActionsHandler.kt,ExecutionEngine -> ActionRegistry -> family handler / capability router,NOT_ASSERTED_BY_STATIC_INVENTORY,NOT_TESTED
action.system_wifi_scan_now,SYSTEM_WIFI_SCAN_NOW,DEFAULT_ACTION,PRESENT,,,EMPTY_SCHEMA_FALLBACK,core/execution/src/main/java/com/nexaflow/core/execution/handler/SystemActionsHandler.kt,ExecutionEngine -> ActionRegistry -> family handler / capability router,NOT_ASSERTED_BY_STATIC_INVENTORY,NOT_TESTED
action.system_set_timezone,SYSTEM_SET_TIMEZONE,DEFAULT_ACTION,PRESENT,zone,zone,SCHEMA_ARM_PRESENT,core/execution/src/main/java/com/nexaflow/core/execution/handler/SystemActionsHandler.kt,ExecutionEngine -> ActionRegistry -> family handler / capability router,NOT_ASSERTED_BY_STATIC_INVENTORY,NOT_TESTED
action.call_block,CALL_BLOCK,DEFAULT_ACTION,PRESENT,,,EMPTY_SCHEMA_FALLBACK,core/execution/src/main/java/com/nexaflow/core/execution/handler/CallActionsHandler.kt,ExecutionEngine -> ActionRegistry -> family handler / capability router,NOT_ASSERTED_BY_STATIC_INVENTORY,NOT_TESTED
action.call_block_silent,CALL_BLOCK_SILENT,DEFAULT_ACTION,PRESENT,,,EMPTY_SCHEMA_FALLBACK,core/execution/src/main/java/com/nexaflow/core/execution/handler/CallActionsHandler.kt,ExecutionEngine -> ActionRegistry -> family handler / capability router,NOT_ASSERTED_BY_STATIC_INVENTORY,NOT_TESTED
action.call_reply_with_sms,CALL_REPLY_WITH_SMS,DEFAULT_ACTION,PRESENT,text,text,SCHEMA_ARM_PRESENT,core/execution/src/main/java/com/nexaflow/core/execution/handler/SystemActionsHandler.kt,ExecutionEngine -> ActionRegistry -> family handler / capability router,NOT_ASSERTED_BY_STATIC_INVENTORY,NOT_TESTED
action.call_silence,CALL_SILENCE,DEFAULT_ACTION,PRESENT,,,EMPTY_SCHEMA_FALLBACK,core/execution/src/main/java/com/nexaflow/core/execution/handler/CallActionsHandler.kt,ExecutionEngine -> ActionRegistry -> family handler / capability router,NOT_ASSERTED_BY_STATIC_INVENTORY,NOT_TESTED
action.rom_custom_setting,ROM_CUSTOM_SETTING,DEFAULT_ACTION,PRESENT,namespace|key|value,key|namespace|value,SCHEMA_ARM_PRESENT,core/execution/src/main/java/com/nexaflow/core/execution/handler/RomSettingsActionHandler.kt,ExecutionEngine -> ActionRegistry -> family handler / capability router,NOT_ASSERTED_BY_STATIC_INVENTORY,NOT_TESTED
action.rom_qs_tiles,ROM_QS_TILES,DEFAULT_ACTION,PRESENT,tiles|columns|brightness_slider|footer_text,brightness_slider|columns|footer_text|tiles,SCHEMA_ARM_PRESENT,core/execution/src/main/java/com/nexaflow/core/execution/handler/RomSettingsActionHandler.kt,ExecutionEngine -> ActionRegistry -> family handler / capability router,NOT_ASSERTED_BY_STATIC_INVENTORY,NOT_TESTED
action.rom_status_bar,ROM_STATUS_BAR,DEFAULT_ACTION,PRESENT,clock_position|battery_style|battery_percent|clock_seconds|config_json,battery_percent|battery_style|clock_position|clock_seconds|config_json,SCHEMA_ARM_PRESENT,core/execution/src/main/java/com/nexaflow/core/execution/handler/RomSettingsActionHandler.kt,ExecutionEngine -> ActionRegistry -> family handler / capability router,NOT_ASSERTED_BY_STATIC_INVENTORY,NOT_TESTED
action.rom_lockscreen,ROM_LOCKSCREEN,DEFAULT_ACTION,PRESENT,clock_style|weather|shortcuts|media_art|config_json,clock_style|config_json|media_art|shortcuts|weather,SCHEMA_ARM_PRESENT,core/execution/src/main/java/com/nexaflow/core/execution/handler/RomSettingsActionHandler.kt,ExecutionEngine -> ActionRegistry -> family handler / capability router,NOT_ASSERTED_BY_STATIC_INVENTORY,NOT_TESTED
action.rom_navigation,ROM_NAVIGATION,DEFAULT_ACTION,PRESENT,mode|back_height,back_height|mode,SCHEMA_ARM_PRESENT,core/execution/src/main/java/com/nexaflow/core/execution/handler/RomSettingsActionHandler.kt,ExecutionEngine -> ActionRegistry -> family handler / capability router,NOT_ASSERTED_BY_STATIC_INVENTORY,NOT_TESTED
action.rom_theme,ROM_THEME,DEFAULT_ACTION,PRESENT,monet|accent|themed_icons|config_json,accent|config_json|monet|themed_icons,SCHEMA_ARM_PRESENT,core/execution/src/main/java/com/nexaflow/core/execution/handler/RomSettingsActionHandler.kt,ExecutionEngine -> ActionRegistry -> family handler / capability router,NOT_ASSERTED_BY_STATIC_INVENTORY,NOT_TESTED
action.rom_ambient_aod,ROM_AMBIENT_AOD,DEFAULT_ACTION,PRESENT,enabled|schedule,enabled|schedule,SCHEMA_ARM_PRESENT,core/execution/src/main/java/com/nexaflow/core/execution/handler/RomSettingsActionHandler.kt,ExecutionEngine -> ActionRegistry -> family handler / capability router,NOT_ASSERTED_BY_STATIC_INVENTORY,NOT_TESTED
action.rom_notifications,ROM_NOTIFICATIONS,DEFAULT_ACTION,PRESENT,heads_up|timeout|less_boring,heads_up|less_boring|timeout,SCHEMA_ARM_PRESENT,core/execution/src/main/java/com/nexaflow/core/execution/handler/RomSettingsActionHandler.kt,ExecutionEngine -> ActionRegistry -> family handler / capability router,NOT_ASSERTED_BY_STATIC_INVENTORY,NOT_TESTED
action.rom_batch,ROM_BATCH,DEFAULT_ACTION,PRESENT,batch_json,batch_json,SCHEMA_ARM_PRESENT,core/execution/src/main/java/com/nexaflow/core/execution/handler/RomSettingsActionHandler.kt,ExecutionEngine -> ActionRegistry -> family handler / capability router,NOT_ASSERTED_BY_STATIC_INVENTORY,NOT_TESTED
action.data_text,DATA_TEXT,TRIM,PRESENT,,input|inputPath|operation|outputPath|replacement,SCHEMA_ARM_PRESENT,,ExecutionEngine -> ActionRegistry -> family handler / capability router,NOT_ASSERTED_BY_STATIC_INVENTORY,NOT_TESTED
action.data_text,DATA_TEXT,UPPER,PRESENT,,input|inputPath|operation|outputPath|replacement,SCHEMA_ARM_PRESENT,,ExecutionEngine -> ActionRegistry -> family handler / capability router,NOT_ASSERTED_BY_STATIC_INVENTORY,NOT_TESTED
action.data_text,DATA_TEXT,LOWER,PRESENT,,input|inputPath|operation|outputPath|replacement,SCHEMA_ARM_PRESENT,,ExecutionEngine -> ActionRegistry -> family handler / capability router,NOT_ASSERTED_BY_STATIC_INVENTORY,NOT_TESTED
action.data_text,DATA_TEXT,REPLACE,PRESENT,,input|inputPath|operation|outputPath|replacement,SCHEMA_ARM_PRESENT,,ExecutionEngine -> ActionRegistry -> family handler / capability router,NOT_ASSERTED_BY_STATIC_INVENTORY,NOT_TESTED
action.data_text,DATA_TEXT,SPLIT,PRESENT,,input|inputPath|operation|outputPath|replacement,SCHEMA_ARM_PRESENT,,ExecutionEngine -> ActionRegistry -> family handler / capability router,NOT_ASSERTED_BY_STATIC_INVENTORY,NOT_TESTED
action.data_text,DATA_TEXT,LENGTH,PRESENT,,input|inputPath|operation|outputPath|replacement,SCHEMA_ARM_PRESENT,,ExecutionEngine -> ActionRegistry -> family handler / capability router,NOT_ASSERTED_BY_STATIC_INVENTORY,NOT_TESTED
action.data_text,DATA_TEXT,SUBSTRING,PRESENT,,input|inputPath|operation|outputPath|replacement,SCHEMA_ARM_PRESENT,,ExecutionEngine -> ActionRegistry -> family handler / capability router,NOT_ASSERTED_BY_STATIC_INVENTORY,NOT_TESTED
action.data_encoding,DATA_ENCODING,BASE64_ENCODE,PRESENT,,input|inputPath|operation|outputPath,SCHEMA_ARM_PRESENT,,ExecutionEngine -> ActionRegistry -> family handler / capability router,NOT_ASSERTED_BY_STATIC_INVENTORY,NOT_TESTED
action.data_encoding,DATA_ENCODING,BASE64_DECODE,PRESENT,,input|inputPath|operation|outputPath,SCHEMA_ARM_PRESENT,,ExecutionEngine -> ActionRegistry -> family handler / capability router,NOT_ASSERTED_BY_STATIC_INVENTORY,NOT_TESTED
action.data_encoding,DATA_ENCODING,URL_ENCODE,PRESENT,,input|inputPath|operation|outputPath,SCHEMA_ARM_PRESENT,,ExecutionEngine -> ActionRegistry -> family handler / capability router,NOT_ASSERTED_BY_STATIC_INVENTORY,NOT_TESTED
action.data_encoding,DATA_ENCODING,URL_DECODE,PRESENT,,input|inputPath|operation|outputPath,SCHEMA_ARM_PRESENT,,ExecutionEngine -> ActionRegistry -> family handler / capability router,NOT_ASSERTED_BY_STATIC_INVENTORY,NOT_TESTED
action.data_encoding,DATA_ENCODING,HEX_ENCODE,PRESENT,,input|inputPath|operation|outputPath,SCHEMA_ARM_PRESENT,,ExecutionEngine -> ActionRegistry -> family handler / capability router,NOT_ASSERTED_BY_STATIC_INVENTORY,NOT_TESTED
action.data_encoding,DATA_ENCODING,HEX_DECODE,PRESENT,,input|inputPath|operation|outputPath,SCHEMA_ARM_PRESENT,,ExecutionEngine -> ActionRegistry -> family handler / capability router,NOT_ASSERTED_BY_STATIC_INVENTORY,NOT_TESTED
action.data_hash,DATA_HASH,SHA-256,PRESENT,,input|inputPath|operation|outputPath,SCHEMA_ARM_PRESENT,,ExecutionEngine -> ActionRegistry -> family handler / capability router,NOT_ASSERTED_BY_STATIC_INVENTORY,NOT_TESTED
action.data_hash,DATA_HASH,SHA-512,PRESENT,,input|inputPath|operation|outputPath,SCHEMA_ARM_PRESENT,,ExecutionEngine -> ActionRegistry -> family handler / capability router,NOT_ASSERTED_BY_STATIC_INVENTORY,NOT_TESTED
action.data_random,DATA_RANDOM,UUID,PRESENT,,input|inputPath|operation|outputPath,SCHEMA_ARM_PRESENT,core/execution/src/main/java/com/nexaflow/core/execution/handler/DataActionsHandler.kt,ExecutionEngine -> ActionRegistry -> family handler / capability router,NOT_ASSERTED_BY_STATIC_INVENTORY,NOT_TESTED
action.data_random,DATA_RANDOM,TOKEN,PRESENT,,input|inputPath|operation|outputPath,SCHEMA_ARM_PRESENT,core/execution/src/main/java/com/nexaflow/core/execution/handler/DataActionsHandler.kt,ExecutionEngine -> ActionRegistry -> family handler / capability router,NOT_ASSERTED_BY_STATIC_INVENTORY,NOT_TESTED
action.data_random,DATA_RANDOM,INTEGER,PRESENT,,input|inputPath|operation|outputPath,SCHEMA_ARM_PRESENT,core/execution/src/main/java/com/nexaflow/core/execution/handler/DataActionsHandler.kt,ExecutionEngine -> ActionRegistry -> family handler / capability router,NOT_ASSERTED_BY_STATIC_INVENTORY,NOT_TESTED
action.data_math,DATA_MATH,ADD,PRESENT,,input|inputPath|operation|outputPath,SCHEMA_ARM_PRESENT,,ExecutionEngine -> ActionRegistry -> family handler / capability router,NOT_ASSERTED_BY_STATIC_INVENTORY,NOT_TESTED
action.data_math,DATA_MATH,SUBTRACT,PRESENT,,input|inputPath|operation|outputPath,SCHEMA_ARM_PRESENT,,ExecutionEngine -> ActionRegistry -> family handler / capability router,NOT_ASSERTED_BY_STATIC_INVENTORY,NOT_TESTED
action.data_math,DATA_MATH,MULTIPLY,PRESENT,,input|inputPath|operation|outputPath,SCHEMA_ARM_PRESENT,,ExecutionEngine -> ActionRegistry -> family handler / capability router,NOT_ASSERTED_BY_STATIC_INVENTORY,NOT_TESTED
action.data_math,DATA_MATH,DIVIDE,PRESENT,,input|inputPath|operation|outputPath,SCHEMA_ARM_PRESENT,,ExecutionEngine -> ActionRegistry -> family handler / capability router,NOT_ASSERTED_BY_STATIC_INVENTORY,NOT_TESTED
action.data_math,DATA_MATH,MIN,PRESENT,,input|inputPath|operation|outputPath,SCHEMA_ARM_PRESENT,,ExecutionEngine -> ActionRegistry -> family handler / capability router,NOT_ASSERTED_BY_STATIC_INVENTORY,NOT_TESTED
action.data_math,DATA_MATH,MAX,PRESENT,,input|inputPath|operation|outputPath,SCHEMA_ARM_PRESENT,,ExecutionEngine -> ActionRegistry -> family handler / capability router,NOT_ASSERTED_BY_STATIC_INVENTORY,NOT_TESTED
action.data_math,DATA_MATH,ABS,PRESENT,,input|inputPath|operation|outputPath,SCHEMA_ARM_PRESENT,,ExecutionEngine -> ActionRegistry -> family handler / capability router,NOT_ASSERTED_BY_STATIC_INVENTORY,NOT_TESTED
action.data_math,DATA_MATH,ROUND,PRESENT,,input|inputPath|operation|outputPath,SCHEMA_ARM_PRESENT,,ExecutionEngine -> ActionRegistry -> family handler / capability router,NOT_ASSERTED_BY_STATIC_INVENTORY,NOT_TESTED
action.data_date_time,DATA_DATE_TIME,FORMAT,PRESENT,,input|inputPath|operation|outputPath|zone,SCHEMA_ARM_PRESENT,core/execution/src/main/java/com/nexaflow/core/execution/handler/DataActionsHandler.kt,ExecutionEngine -> ActionRegistry -> family handler / capability router,NOT_ASSERTED_BY_STATIC_INVENTORY,NOT_TESTED
action.data_date_time,DATA_DATE_TIME,PARSE,PRESENT,,input|inputPath|operation|outputPath|zone,SCHEMA_ARM_PRESENT,core/execution/src/main/java/com/nexaflow/core/execution/handler/DataActionsHandler.kt,ExecutionEngine -> ActionRegistry -> family handler / capability router,NOT_ASSERTED_BY_STATIC_INVENTORY,NOT_TESTED
action.data_date_time,DATA_DATE_TIME,ADD_SECONDS,PRESENT,,input|inputPath|operation|outputPath|zone,SCHEMA_ARM_PRESENT,core/execution/src/main/java/com/nexaflow/core/execution/handler/DataActionsHandler.kt,ExecutionEngine -> ActionRegistry -> family handler / capability router,NOT_ASSERTED_BY_STATIC_INVENTORY,NOT_TESTED
action.data_date_time,DATA_DATE_TIME,NOW,PRESENT,,input|inputPath|operation|outputPath|zone,SCHEMA_ARM_PRESENT,core/execution/src/main/java/com/nexaflow/core/execution/handler/DataActionsHandler.kt,ExecutionEngine -> ActionRegistry -> family handler / capability router,NOT_ASSERTED_BY_STATIC_INVENTORY,NOT_TESTED
action.data_json,DATA_JSON,POINTER,PRESENT,,input|inputPath|operation|outputPath,SCHEMA_ARM_PRESENT,,ExecutionEngine -> ActionRegistry -> family handler / capability router,NOT_ASSERTED_BY_STATIC_INVENTORY,NOT_TESTED
action.data_json,DATA_JSON,PRETTY,PRESENT,,input|inputPath|operation|outputPath,SCHEMA_ARM_PRESENT,,ExecutionEngine -> ActionRegistry -> family handler / capability router,NOT_ASSERTED_BY_STATIC_INVENTORY,NOT_TESTED
action.data_json,DATA_JSON,COMPACT,PRESENT,,input|inputPath|operation|outputPath,SCHEMA_ARM_PRESENT,,ExecutionEngine -> ActionRegistry -> family handler / capability router,NOT_ASSERTED_BY_STATIC_INVENTORY,NOT_TESTED
action.data_json,DATA_JSON,KEYS,PRESENT,,input|inputPath|operation|outputPath,SCHEMA_ARM_PRESENT,,ExecutionEngine -> ActionRegistry -> family handler / capability router,NOT_ASSERTED_BY_STATIC_INVENTORY,NOT_TESTED
action.data_array,DATA_ARRAY,LENGTH,PRESENT,,input|inputPath|operation|outputPath,SCHEMA_ARM_PRESENT,,ExecutionEngine -> ActionRegistry -> family handler / capability router,NOT_ASSERTED_BY_STATIC_INVENTORY,NOT_TESTED
action.data_array,DATA_ARRAY,FIRST,PRESENT,,input|inputPath|operation|outputPath,SCHEMA_ARM_PRESENT,,ExecutionEngine -> ActionRegistry -> family handler / capability router,NOT_ASSERTED_BY_STATIC_INVENTORY,NOT_TESTED
action.data_array,DATA_ARRAY,LAST,PRESENT,,input|inputPath|operation|outputPath,SCHEMA_ARM_PRESENT,,ExecutionEngine -> ActionRegistry -> family handler / capability router,NOT_ASSERTED_BY_STATIC_INVENTORY,NOT_TESTED
action.data_array,DATA_ARRAY,REVERSE,PRESENT,,input|inputPath|operation|outputPath,SCHEMA_ARM_PRESENT,,ExecutionEngine -> ActionRegistry -> family handler / capability router,NOT_ASSERTED_BY_STATIC_INVENTORY,NOT_TESTED
action.data_array,DATA_ARRAY,UNIQUE,PRESENT,,input|inputPath|operation|outputPath,SCHEMA_ARM_PRESENT,,ExecutionEngine -> ActionRegistry -> family handler / capability router,NOT_ASSERTED_BY_STATIC_INVENTORY,NOT_TESTED
action.data_array,DATA_ARRAY,JOIN,PRESENT,,input|inputPath|operation|outputPath,SCHEMA_ARM_PRESENT,,ExecutionEngine -> ActionRegistry -> family handler / capability router,NOT_ASSERTED_BY_STATIC_INVENTORY,NOT_TESTED
action.data_array,DATA_ARRAY,SORT_NUMERIC,PRESENT,,input|inputPath|operation|outputPath,SCHEMA_ARM_PRESENT,,ExecutionEngine -> ActionRegistry -> family handler / capability router,NOT_ASSERTED_BY_STATIC_INVENTORY,NOT_TESTED
