finding,subject,evidence_source,observation,status
SHARED_RUNTIME_OWNER_DECLARATION,TriggerIndex,core/automation-engine/src/main/java/com/nexaflow/core/engine/TriggerIndex.kt,production_declaration_count=1,SINGLE_OWNER_CANDIDATE
SHARED_RUNTIME_OWNER_DECLARATION,ExecutionEngine,core/execution/src/main/java/com/nexaflow/core/execution/ExecutionEngine.kt,production_declaration_count=1,SINGLE_OWNER_CANDIDATE
SHARED_RUNTIME_OWNER_DECLARATION,TaskManager,core/execution/src/main/java/com/nexaflow/core/execution/task/TaskManager.kt,production_declaration_count=1,SINGLE_OWNER_CANDIDATE
SHARED_RUNTIME_OWNER_DECLARATION,WorkflowInterpreter,core/execution/src/main/java/com/nexaflow/core/execution/workflow/WorkflowInterpreter.kt,production_declaration_count=1,SINGLE_OWNER_CANDIDATE
SHARED_RUNTIME_OWNER_DECLARATION,ActionRegistry,core/execution/src/main/java/com/nexaflow/core/execution/handler/ActionRegistry.kt,production_declaration_count=1,SINGLE_OWNER_CANDIDATE
SHARED_RUNTIME_OWNER_DECLARATION,CapabilityRouter,core/execution/src/main/java/com/nexaflow/core/execution/capability/semantic/CapabilityRouter.kt,production_declaration_count=1,SINGLE_OWNER_CANDIDATE
LEGACY_TRIGGER_PATH,TriggerType.CONNECTIVITY,core/automation-engine/src/main/java/com/nexaflow/core/engine/ConnectivityMonitor.kt,legacy hidden enum remains in source/runtime references,REVIEW_LEGACY_COMPATIBILITY_PATH
ACTION_SURFACE_GAP_CANDIDATE,DATA_TEXT,,picker=PRESENT;runtime_handler_candidates=False,REVIEW_UNREACHABLE_OR_SHARED_DISPATCH
ACTION_SURFACE_GAP_CANDIDATE,DATA_TEXT,,picker=PRESENT;runtime_handler_candidates=False,REVIEW_UNREACHABLE_OR_SHARED_DISPATCH
ACTION_SURFACE_GAP_CANDIDATE,DATA_TEXT,,picker=PRESENT;runtime_handler_candidates=False,REVIEW_UNREACHABLE_OR_SHARED_DISPATCH
ACTION_SURFACE_GAP_CANDIDATE,DATA_TEXT,,picker=PRESENT;runtime_handler_candidates=False,REVIEW_UNREACHABLE_OR_SHARED_DISPATCH
ACTION_SURFACE_GAP_CANDIDATE,DATA_TEXT,,picker=PRESENT;runtime_handler_candidates=False,REVIEW_UNREACHABLE_OR_SHARED_DISPATCH
ACTION_SURFACE_GAP_CANDIDATE,DATA_TEXT,,picker=PRESENT;runtime_handler_candidates=False,REVIEW_UNREACHABLE_OR_SHARED_DISPATCH
ACTION_SURFACE_GAP_CANDIDATE,DATA_TEXT,,picker=PRESENT;runtime_handler_candidates=False,REVIEW_UNREACHABLE_OR_SHARED_DISPATCH
ACTION_SURFACE_GAP_CANDIDATE,DATA_ENCODING,,picker=PRESENT;runtime_handler_candidates=False,REVIEW_UNREACHABLE_OR_SHARED_DISPATCH
ACTION_SURFACE_GAP_CANDIDATE,DATA_ENCODING,,picker=PRESENT;runtime_handler_candidates=False,REVIEW_UNREACHABLE_OR_SHARED_DISPATCH
ACTION_SURFACE_GAP_CANDIDATE,DATA_ENCODING,,picker=PRESENT;runtime_handler_candidates=False,REVIEW_UNREACHABLE_OR_SHARED_DISPATCH
ACTION_SURFACE_GAP_CANDIDATE,DATA_ENCODING,,picker=PRESENT;runtime_handler_candidates=False,REVIEW_UNREACHABLE_OR_SHARED_DISPATCH
ACTION_SURFACE_GAP_CANDIDATE,DATA_ENCODING,,picker=PRESENT;runtime_handler_candidates=False,REVIEW_UNREACHABLE_OR_SHARED_DISPATCH
ACTION_SURFACE_GAP_CANDIDATE,DATA_ENCODING,,picker=PRESENT;runtime_handler_candidates=False,REVIEW_UNREACHABLE_OR_SHARED_DISPATCH
ACTION_SURFACE_GAP_CANDIDATE,DATA_HASH,,picker=PRESENT;runtime_handler_candidates=False,REVIEW_UNREACHABLE_OR_SHARED_DISPATCH
ACTION_SURFACE_GAP_CANDIDATE,DATA_HASH,,picker=PRESENT;runtime_handler_candidates=False,REVIEW_UNREACHABLE_OR_SHARED_DISPATCH
ACTION_SURFACE_GAP_CANDIDATE,DATA_MATH,,picker=PRESENT;runtime_handler_candidates=False,REVIEW_UNREACHABLE_OR_SHARED_DISPATCH
ACTION_SURFACE_GAP_CANDIDATE,DATA_MATH,,picker=PRESENT;runtime_handler_candidates=False,REVIEW_UNREACHABLE_OR_SHARED_DISPATCH
ACTION_SURFACE_GAP_CANDIDATE,DATA_MATH,,picker=PRESENT;runtime_handler_candidates=False,REVIEW_UNREACHABLE_OR_SHARED_DISPATCH
ACTION_SURFACE_GAP_CANDIDATE,DATA_MATH,,picker=PRESENT;runtime_handler_candidates=False,REVIEW_UNREACHABLE_OR_SHARED_DISPATCH
ACTION_SURFACE_GAP_CANDIDATE,DATA_MATH,,picker=PRESENT;runtime_handler_candidates=False,REVIEW_UNREACHABLE_OR_SHARED_DISPATCH
ACTION_SURFACE_GAP_CANDIDATE,DATA_MATH,,picker=PRESENT;runtime_handler_candidates=False,REVIEW_UNREACHABLE_OR_SHARED_DISPATCH
ACTION_SURFACE_GAP_CANDIDATE,DATA_MATH,,picker=PRESENT;runtime_handler_candidates=False,REVIEW_UNREACHABLE_OR_SHARED_DISPATCH
ACTION_SURFACE_GAP_CANDIDATE,DATA_MATH,,picker=PRESENT;runtime_handler_candidates=False,REVIEW_UNREACHABLE_OR_SHARED_DISPATCH
ACTION_SURFACE_GAP_CANDIDATE,DATA_JSON,,picker=PRESENT;runtime_handler_candidates=False,REVIEW_UNREACHABLE_OR_SHARED_DISPATCH
ACTION_SURFACE_GAP_CANDIDATE,DATA_JSON,,picker=PRESENT;runtime_handler_candidates=False,REVIEW_UNREACHABLE_OR_SHARED_DISPATCH
ACTION_SURFACE_GAP_CANDIDATE,DATA_JSON,,picker=PRESENT;runtime_handler_candidates=False,REVIEW_UNREACHABLE_OR_SHARED_DISPATCH
ACTION_SURFACE_GAP_CANDIDATE,DATA_JSON,,picker=PRESENT;runtime_handler_candidates=False,REVIEW_UNREACHABLE_OR_SHARED_DISPATCH
ACTION_SURFACE_GAP_CANDIDATE,DATA_ARRAY,,picker=PRESENT;runtime_handler_candidates=False,REVIEW_UNREACHABLE_OR_SHARED_DISPATCH
ACTION_SURFACE_GAP_CANDIDATE,DATA_ARRAY,,picker=PRESENT;runtime_handler_candidates=False,REVIEW_UNREACHABLE_OR_SHARED_DISPATCH
ACTION_SURFACE_GAP_CANDIDATE,DATA_ARRAY,,picker=PRESENT;runtime_handler_candidates=False,REVIEW_UNREACHABLE_OR_SHARED_DISPATCH
ACTION_SURFACE_GAP_CANDIDATE,DATA_ARRAY,,picker=PRESENT;runtime_handler_candidates=False,REVIEW_UNREACHABLE_OR_SHARED_DISPATCH
ACTION_SURFACE_GAP_CANDIDATE,DATA_ARRAY,,picker=PRESENT;runtime_handler_candidates=False,REVIEW_UNREACHABLE_OR_SHARED_DISPATCH
ACTION_SURFACE_GAP_CANDIDATE,DATA_ARRAY,,picker=PRESENT;runtime_handler_candidates=False,REVIEW_UNREACHABLE_OR_SHARED_DISPATCH
ACTION_SURFACE_GAP_CANDIDATE,DATA_ARRAY,,picker=PRESENT;runtime_handler_candidates=False,REVIEW_UNREACHABLE_OR_SHARED_DISPATCH
PLACEHOLDER_TOKEN_SCAN,automation/execution production Kotlin,core/automation-engine/src/main; core/execution/src/main,no TODO/FIXME/NotImplementedError tokens found by static scan,STATIC_SCAN_ONLY
