rank,score,path,complexity,coupling,churn,evidence
1,2.219008,core/execution/src/main/java/com/nexaflow/core/execution/ExecutionEngine.kt,137,53,6,branch_tokens=137;cross_module_imports=53;enum_refs=0;commits_in_last_50_before_4199f4a=6
2,1.556765,feature/automation-builder/src/main/java/com/nexaflow/feature/builder/AutomationBuilderScreen.kt,121,42,3,branch_tokens=121;cross_module_imports=35;enum_refs=7;commits_in_last_50_before_4199f4a=3
3,1.455189,feature/automation-builder/src/main/java/com/nexaflow/feature/builder/ActionConfigEditor.kt,45,192,2,branch_tokens=45;cross_module_imports=12;enum_refs=180;commits_in_last_50_before_4199f4a=2
4,1.217762,core/execution/src/main/java/com/nexaflow/core/execution/compat/CommandCatalog.kt,7,242,1,branch_tokens=7;cross_module_imports=5;enum_refs=237;commits_in_last_50_before_4199f4a=1
5,1.168869,domain/src/main/java/com/nexaflow/domain/catalog/AutomationNodeCatalog.kt,2,239,1,branch_tokens=2;cross_module_imports=2;enum_refs=237;commits_in_last_50_before_4199f4a=1
6,1.036878,feature/automation-builder/src/main/java/com/nexaflow/feature/builder/CanonicalSchemaFieldEditor.kt,36,26,4,branch_tokens=36;cross_module_imports=26;enum_refs=0;commits_in_last_50_before_4199f4a=4
7,0.929199,feature/automation-builder/src/main/java/com/nexaflow/feature/builder/BuilderActionCatalog.kt,2,181,1,branch_tokens=2;cross_module_imports=1;enum_refs=180;commits_in_last_50_before_4199f4a=1
8,0.905562,core/execution/src/main/java/com/nexaflow/core/execution/TriggerStateEvaluator.kt,85,69,0,branch_tokens=85;cross_module_imports=12;enum_refs=57;commits_in_last_50_before_4199f4a=0
9,0.854487,feature/automation-builder/src/main/java/com/nexaflow/feature/builder/TriggerEditorCard.kt,58,64,1,branch_tokens=58;cross_module_imports=7;enum_refs=57;commits_in_last_50_before_4199f4a=1
10,0.850898,core/automation-engine/src/main/java/com/nexaflow/core/engine/BatteryMonitor.kt,66,49,1,branch_tokens=66;cross_module_imports=45;enum_refs=4;commits_in_last_50_before_4199f4a=1
11,0.833042,data/src/main/java/com/nexaflow/data/agents/AgentRunRepository.kt,16,12,4,branch_tokens=16;cross_module_imports=12;enum_refs=0;commits_in_last_50_before_4199f4a=4
12,0.789226,feature/automation-builder/src/main/java/com/nexaflow/feature/builder/BuilderActionPresentation.kt,30,138,0,branch_tokens=30;cross_module_imports=7;enum_refs=131;commits_in_last_50_before_4199f4a=0
13,0.744757,core/execution/src/main/java/com/nexaflow/core/execution/handler/SystemActionsHandler.kt,9,124,1,branch_tokens=9;cross_module_imports=4;enum_refs=120;commits_in_last_50_before_4199f4a=1
14,0.714595,domain/src/main/java/com/nexaflow/domain/catalog/ActionNodeSchemas.kt,6,122,1,branch_tokens=6;cross_module_imports=1;enum_refs=121;commits_in_last_50_before_4199f4a=1
15,0.657135,core/execution/src/main/java/com/nexaflow/core/execution/compat/WorkflowRequirementCatalog.kt,27,71,1,branch_tokens=27;cross_module_imports=15;enum_refs=56;commits_in_last_50_before_4199f4a=1
16,0.637429,domain/src/main/java/com/nexaflow/domain/models/Automation.kt,36,10,2,branch_tokens=36;cross_module_imports=0;enum_refs=10;commits_in_last_50_before_4199f4a=2
17,0.629316,feature/automation-builder/src/main/java/com/nexaflow/feature/builder/AutomationBuilderViewModel.kt,23,31,2,branch_tokens=23;cross_module_imports=31;enum_refs=0;commits_in_last_50_before_4199f4a=2
18,0.614828,feature/automation-builder/src/main/java/com/nexaflow/feature/builder/TriggerSummary.kt,48,64,0,branch_tokens=48;cross_module_imports=7;enum_refs=57;commits_in_last_50_before_4199f4a=0
19,0.600471,core/execution/src/main/java/com/nexaflow/core/execution/workflow/WorkflowInterpreter.kt,80,4,0,branch_tokens=80;cross_module_imports=4;enum_refs=0;commits_in_last_50_before_4199f4a=0
20,0.597897,core/execution/src/main/java/com/nexaflow/core/execution/compat/CommandCompatibilityEngine.kt,37,39,1,branch_tokens=37;cross_module_imports=4;enum_refs=35;commits_in_last_50_before_4199f4a=1
21,0.579538,core/execution/src/main/java/com/nexaflow/core/execution/task/TaskManager.kt,76,6,0,branch_tokens=76;cross_module_imports=6;enum_refs=0;commits_in_last_50_before_4199f4a=0
22,0.578995,feature/automation-builder/src/main/java/com/nexaflow/feature/builder/BuilderComponents.kt,68,20,0,branch_tokens=68;cross_module_imports=12;enum_refs=8;commits_in_last_50_before_4199f4a=0
23,0.521606,core/automation-engine/src/main/java/com/nexaflow/core/engine/SmsReceiver.kt,19,12,2,branch_tokens=19;cross_module_imports=11;enum_refs=1;commits_in_last_50_before_4199f4a=2
24,0.510135,core/automation-engine/src/main/java/com/nexaflow/core/engine/ConnectivityMonitor.kt,58,21,0,branch_tokens=58;cross_module_imports=16;enum_refs=5;commits_in_last_50_before_4199f4a=0
25,0.500000,core/database/src/main/java/com/nexaflow/core/database/AppDatabase.kt,0,0,3,branch_tokens=0;cross_module_imports=0;enum_refs=0;commits_in_last_50_before_4199f4a=3
26,0.482194,core/automation-engine/src/main/java/com/nexaflow/core/engine/BluetoothMonitor.kt,37,11,1,branch_tokens=37;cross_module_imports=9;enum_refs=2;commits_in_last_50_before_4199f4a=1
27,0.470783,domain/src/main/java/com/nexaflow/domain/canonical/CanonicalWorkflowDocumentV3.kt,16,5,2,branch_tokens=16;cross_module_imports=5;enum_refs=0;commits_in_last_50_before_4199f4a=2
28,0.460276,core/automation-engine/src/main/java/com/nexaflow/core/engine/SensorMonitor.kt,54,16,0,branch_tokens=54;cross_module_imports=15;enum_refs=1;commits_in_last_50_before_4199f4a=0
29,0.439766,core/automation-engine/src/main/java/com/nexaflow/core/engine/DeviceStateMonitor28.kt,41,34,0,branch_tokens=41;cross_module_imports=18;enum_refs=16;commits_in_last_50_before_4199f4a=0
30,0.422815,core/automation-engine/src/main/java/com/nexaflow/core/engine/CalendarMonitor.kt,50,14,0,branch_tokens=50;cross_module_imports=13;enum_refs=1;commits_in_last_50_before_4199f4a=0
31,0.413605,core/automation-engine/src/main/java/com/nexaflow/core/engine/MonitoringService.kt,31,5,1,branch_tokens=31;cross_module_imports=5;enum_refs=0;commits_in_last_50_before_4199f4a=1
32,0.412771,core/automation-engine/src/main/java/com/nexaflow/core/engine/SettingsStateMonitor.kt,39,31,0,branch_tokens=39;cross_module_imports=20;enum_refs=11;commits_in_last_50_before_4199f4a=0
33,0.411383,core/automation-engine/src/main/java/com/nexaflow/core/engine/AutomationAlarmReceiver.kt,49,13,0,branch_tokens=49;cross_module_imports=11;enum_refs=2;commits_in_last_50_before_4199f4a=0
34,0.410690,core/execution/src/main/java/com/nexaflow/core/execution/capability/semantic/CapabilityRouter.kt,54,4,0,branch_tokens=54;cross_module_imports=4;enum_refs=0;commits_in_last_50_before_4199f4a=0
35,0.406326,core/database/src/main/java/com/nexaflow/core/database/AgentRunTransactionDao.kt,10,0,2,branch_tokens=10;cross_module_imports=0;enum_refs=0;commits_in_last_50_before_4199f4a=2
36,0.406185,data/src/main/java/com/nexaflow/data/mapper/CanonicalWorkflowV3ReadMapper.kt,13,35,1,branch_tokens=13;cross_module_imports=35;enum_refs=0;commits_in_last_50_before_4199f4a=1
37,0.393919,feature/automation-builder/src/main/java/com/nexaflow/feature/builder/CanonicalBuilderSchemaBridge.kt,20,60,0,branch_tokens=20;cross_module_imports=22;enum_refs=38;commits_in_last_50_before_4199f4a=0
38,0.368301,data/src/main/java/com/nexaflow/data/repository/RoomAutomationMutationPersistence.kt,18,17,1,branch_tokens=18;cross_module_imports=17;enum_refs=0;commits_in_last_50_before_4199f4a=1
39,0.365657,domain/src/main/java/com/nexaflow/domain/workflow/DataTransforms.kt,45,9,0,branch_tokens=45;cross_module_imports=1;enum_refs=8;commits_in_last_50_before_4199f4a=0
40,0.359323,core/automation-engine/src/main/java/com/nexaflow/core/engine/AutomationScheduler.kt,43,11,0,branch_tokens=43;cross_module_imports=10;enum_refs=1;commits_in_last_50_before_4199f4a=0
41,0.357664,domain/src/main/java/com/nexaflow/domain/workflow/ConditionExpressionEvaluator.kt,49,0,0,branch_tokens=49;cross_module_imports=0;enum_refs=0;commits_in_last_50_before_4199f4a=0
42,0.347932,domain/src/main/java/com/nexaflow/domain/canonical/LegacyMappingTable.kt,2,0,2,branch_tokens=2;cross_module_imports=0;enum_refs=0;commits_in_last_50_before_4199f4a=2
43,0.342543,core/automation-engine/src/main/java/com/nexaflow/core/engine/CallPolicyEvaluator.kt,19,9,1,branch_tokens=19;cross_module_imports=5;enum_refs=4;commits_in_last_50_before_4199f4a=1
44,0.340341,core/automation-engine/src/main/java/com/nexaflow/core/engine/SmsConsentReceiver.kt,17,12,1,branch_tokens=17;cross_module_imports=11;enum_refs=1;commits_in_last_50_before_4199f4a=1
45,0.337998,core/execution/src/main/java/com/nexaflow/core/execution/DeviceStateSnapshot.kt,18,50,0,branch_tokens=18;cross_module_imports=5;enum_refs=45;commits_in_last_50_before_4199f4a=0
46,0.337456,feature/automation-builder/src/main/java/com/nexaflow/feature/builder/TriggerCatalogPresentation.kt,10,64,0,branch_tokens=10;cross_module_imports=7;enum_refs=57;commits_in_last_50_before_4199f4a=0
47,0.333987,core/execution/src/main/java/com/nexaflow/core/execution/capability/CapabilityRuntime.kt,35,19,0,branch_tokens=35;cross_module_imports=19;enum_refs=0;commits_in_last_50_before_4199f4a=0
48,0.332328,core/execution/src/main/java/com/nexaflow/core/execution/capability/semantic/strategies/AndroidApiStrategies.kt,41,8,0,branch_tokens=41;cross_module_imports=8;enum_refs=0;commits_in_last_50_before_4199f4a=0
49,0.328618,core/automation-engine/src/main/java/com/nexaflow/core/engine/VolumeMonitor.kt,32,23,0,branch_tokens=32;cross_module_imports=22;enum_refs=1;commits_in_last_50_before_4199f4a=0
50,0.327924,core/automation-engine/src/main/java/com/nexaflow/core/engine/LocationMonitor.kt,37,14,0,branch_tokens=37;cross_module_imports=13;enum_refs=1;commits_in_last_50_before_4199f4a=0
