stable_id,legacy_type,picker,visibility,schema_fields,runtime_config_reads,schema_status,lifecycle_evidence,lifecycle_owner_candidates,runtime_owner,dispatch_evidence,android_oem_support
trigger.time,TIME,PRESENT,DISCOVERABLE,time|timeMode|rangeStart|rangeEnd|repeat|interval|intervalUnit|days|date|startDate|endDate|endMode|endCount|monthlyDayMode|monthDay|weekday|weekOfMonth|zonePolicy|zoneId,date|days|endCount|endDate|endMode|interval|intervalUnit|monthDay|monthlyDayMode|rangeEnd|rangeStart|repeat|startDate|time|timeMode|weekOfMonth|weekday|zoneId|zonePolicy,SCHEMA_ARM_PRESENT,STATIC_REFERENCES_ONLY,core/automation-engine/src/main/java/com/nexaflow/core/engine/AutomationAlarmReceiver.kt|core/automation-engine/src/main/java/com/nexaflow/core/engine/AutomationScheduler.kt,TriggerIndex / existing monitor ingress; per-source mapping requires review,TriggerStateEvaluator and DeviceOneShotTriggerMatcher (see lifecycle matrix),NOT_TESTED
trigger.battery,BATTERY,PRESENT,DISCOVERABLE,direction|threshold|above|below|chargerType|chargingState,above|below|chargerType|chargingState|direction|threshold,SCHEMA_ARM_PRESENT,STATIC_REFERENCES_ONLY,core/automation-engine/src/main/java/com/nexaflow/core/engine/BatteryMonitor.kt|core/automation-engine/src/main/java/com/nexaflow/core/engine/SettingsStateMonitor.kt,TriggerIndex / existing monitor ingress; per-source mapping requires review,TriggerStateEvaluator and DeviceOneShotTriggerMatcher (see lifecycle matrix),NOT_TESTED
trigger.application,APPLICATION,PRESENT,DISCOVERABLE,packages|package,package|packages,SCHEMA_ARM_PRESENT,STATIC_REFERENCES_ONLY,core/automation-engine/src/main/java/com/nexaflow/core/engine/AppTriggerAccessibilityService.kt,TriggerIndex / existing monitor ingress; per-source mapping requires review,TriggerStateEvaluator and DeviceOneShotTriggerMatcher (see lifecycle matrix),NOT_TESTED
trigger.device,DEVICE,PRESENT,DISCOVERABLE,event|deviceName|deviceAddress,event,SCHEMA_ARM_PRESENT,STATIC_REFERENCES_ONLY,core/automation-engine/src/main/java/com/nexaflow/core/engine/BluetoothMonitor.kt|core/automation-engine/src/main/java/com/nexaflow/core/engine/DeviceEventMonitor.kt,TriggerIndex / existing monitor ingress; per-source mapping requires review,TriggerStateEvaluator and DeviceOneShotTriggerMatcher (see lifecycle matrix),NOT_TESTED
trigger.connectivity,CONNECTIVITY,NO_RESTRICTED,LEGACY_HIDDEN,network|state,,SCHEMA_ARM_PRESENT,STATIC_REFERENCES_ONLY,core/automation-engine/src/main/java/com/nexaflow/core/engine/ConnectivityMonitor.kt,TriggerIndex / existing monitor ingress; per-source mapping requires review,TriggerStateEvaluator and DeviceOneShotTriggerMatcher (see lifecycle matrix),NOT_TESTED
trigger.wifi_connected,WIFI_CONNECTED,PRESENT,DISCOVERABLE,state,,SCHEMA_ARM_PRESENT,STATIC_REFERENCES_ONLY,core/automation-engine/src/main/java/com/nexaflow/core/engine/ConnectivityMonitor.kt,TriggerIndex / existing monitor ingress; per-source mapping requires review,TriggerStateEvaluator and DeviceOneShotTriggerMatcher (see lifecycle matrix),NOT_TESTED
trigger.mobile_data_connected,MOBILE_DATA_CONNECTED,PRESENT,DISCOVERABLE,state,,SCHEMA_ARM_PRESENT,STATIC_REFERENCES_ONLY,core/automation-engine/src/main/java/com/nexaflow/core/engine/ConnectivityMonitor.kt,TriggerIndex / existing monitor ingress; per-source mapping requires review,TriggerStateEvaluator and DeviceOneShotTriggerMatcher (see lifecycle matrix),NOT_TESTED
trigger.hotspot,HOTSPOT,PRESENT,DISCOVERABLE,state,,SCHEMA_ARM_PRESENT,STATIC_REFERENCES_ONLY,core/automation-engine/src/main/java/com/nexaflow/core/engine/ConnectivityMonitor.kt,TriggerIndex / existing monitor ingress; per-source mapping requires review,TriggerStateEvaluator and DeviceOneShotTriggerMatcher (see lifecycle matrix),NOT_TESTED
trigger.location,LOCATION,PRESENT,DISCOVERABLE,lat|lng|radius|event|source,lat|lng,SCHEMA_ARM_PRESENT,STATIC_REFERENCES_ONLY,core/automation-engine/src/main/java/com/nexaflow/core/engine/LocationMonitor.kt|core/automation-engine/src/main/java/com/nexaflow/core/engine/LocationTriggerEvidenceEvaluator.kt,TriggerIndex / existing monitor ingress; per-source mapping requires review,TriggerStateEvaluator and DeviceOneShotTriggerMatcher (see lifecycle matrix),NOT_TESTED
trigger.sms,SMS,PRESENT,DISCOVERABLE,from|contains|matchMode,contains|from|matchMode,SCHEMA_ARM_PRESENT,STATIC_REFERENCES_ONLY,core/automation-engine/src/main/java/com/nexaflow/core/engine/CallPolicyEvaluator.kt|core/automation-engine/src/main/java/com/nexaflow/core/engine/MonitoringService.kt|core/automation-engine/src/main/java/com/nexaflow/core/engine/NexaCallScreeningService.kt|core/automation-engine/src/main/java/com/nexaflow/core/engine/SmsConsentManager.kt|core/automation-engine/src/main/java/com/nexaflow/core/engine/SmsConsentReceiver.kt|core/automation-engine/src/main/java/com/nexaflow/core/engine/SmsReceiver.kt|core/automation-engine/src/main/java/com/nexaflow/core/engine/SmsRespondViaMessageService.kt|core/automation-engine/src/main/java/com/nexaflow/core/engine/SmsTriggerMatcher.kt|core/automation-engine/src/main/java/com/nexaflow/core/engine/SmsWapPushReceiver.kt,TriggerIndex / existing monitor ingress; per-source mapping requires review,TriggerStateEvaluator and DeviceOneShotTriggerMatcher (see lifecycle matrix),NOT_TESTED
trigger.bluetooth_device,BLUETOOTH_DEVICE,PRESENT,DISCOVERABLE,deviceName|deviceAddress|event,deviceName|event,SCHEMA_ARM_PRESENT,STATIC_REFERENCES_ONLY,core/automation-engine/src/main/java/com/nexaflow/core/engine/BluetoothMonitor.kt,TriggerIndex / existing monitor ingress; per-source mapping requires review,TriggerStateEvaluator and DeviceOneShotTriggerMatcher (see lifecycle matrix),NOT_TESTED
trigger.ringer_mode,RINGER_MODE,PRESENT,DISCOVERABLE,mode,,SCHEMA_ARM_PRESENT,STATIC_REFERENCES_ONLY,core/automation-engine/src/main/java/com/nexaflow/core/engine/RingerModeMonitor.kt,TriggerIndex / existing monitor ingress; per-source mapping requires review,TriggerStateEvaluator and DeviceOneShotTriggerMatcher (see lifecycle matrix),NOT_TESTED
trigger.network_mode,NETWORK_MODE,PRESENT,DISCOVERABLE,state,,SCHEMA_ARM_PRESENT,STATIC_REFERENCES_ONLY,core/automation-engine/src/main/java/com/nexaflow/core/engine/ConnectivityMonitor.kt,TriggerIndex / existing monitor ingress; per-source mapping requires review,TriggerStateEvaluator and DeviceOneShotTriggerMatcher (see lifecycle matrix),NOT_TESTED
trigger.notification,NOTIFICATION,PRESENT,DISCOVERABLE,packages|package|contains|event,package|packages,SCHEMA_ARM_PRESENT,STATIC_REFERENCES_ONLY,core/automation-engine/src/main/java/com/nexaflow/core/engine/NotificationListener.kt|core/automation-engine/src/main/java/com/nexaflow/core/engine/NotificationTriggerMonitor.kt|core/automation-engine/src/main/java/com/nexaflow/core/engine/VolumeMonitor.kt,TriggerIndex / existing monitor ingress; per-source mapping requires review,TriggerStateEvaluator and DeviceOneShotTriggerMatcher (see lifecycle matrix),NOT_TESTED
trigger.calendar,CALENDAR,PRESENT,DISCOVERABLE,calendar|contains|event|beforeMinutes,,SCHEMA_ARM_PRESENT,STATIC_REFERENCES_ONLY,core/automation-engine/src/main/java/com/nexaflow/core/engine/CalendarMonitor.kt,TriggerIndex / existing monitor ingress; per-source mapping requires review,TriggerStateEvaluator and DeviceOneShotTriggerMatcher (see lifecycle matrix),NOT_TESTED
trigger.sensor,SENSOR,PRESENT,DISCOVERABLE,sensor|event|threshold|upperThreshold|sensitivity,event|sensitivity|sensor|threshold,SCHEMA_ARM_PRESENT,STATIC_REFERENCES_ONLY,core/automation-engine/src/main/java/com/nexaflow/core/engine/SensorMonitor.kt|core/automation-engine/src/main/java/com/nexaflow/core/engine/SensorTriggerMatcher.kt,TriggerIndex / existing monitor ingress; per-source mapping requires review,TriggerStateEvaluator and DeviceOneShotTriggerMatcher (see lifecycle matrix),NOT_TESTED
trigger.webhook,WEBHOOK,PRESENT,DISCOVERABLE,path|method|token,method|path|token,SCHEMA_ARM_PRESENT,STATIC_REFERENCES_ONLY,core/automation-engine/src/main/java/com/nexaflow/core/engine/WebhookServer.kt|core/automation-engine/src/main/java/com/nexaflow/core/engine/WebhookTriggerMatcher.kt,TriggerIndex / existing monitor ingress; per-source mapping requires review,TriggerStateEvaluator and DeviceOneShotTriggerMatcher (see lifecycle matrix),NOT_TESTED
trigger.rom_setting,ROM_SETTING,PRESENT,DISCOVERABLE,namespace|key|operator|value,,SCHEMA_ARM_PRESENT,STATIC_REFERENCES_ONLY,core/automation-engine/src/main/java/com/nexaflow/core/engine/RomSettingMonitor.kt,TriggerIndex / existing monitor ingress; per-source mapping requires review,TriggerStateEvaluator and DeviceOneShotTriggerMatcher (see lifecycle matrix),NOT_TESTED
trigger.headphone,HEADPHONE,PRESENT,DISCOVERABLE,event,,SCHEMA_ARM_PRESENT,STATIC_REFERENCES_ONLY,core/automation-engine/src/main/java/com/nexaflow/core/engine/DeviceEventMonitor.kt,TriggerIndex / existing monitor ingress; per-source mapping requires review,TriggerStateEvaluator and DeviceOneShotTriggerMatcher (see lifecycle matrix),NOT_TESTED
trigger.charger,CHARGER,PRESENT,DISCOVERABLE,event,,SCHEMA_ARM_PRESENT,STATIC_REFERENCES_ONLY,core/automation-engine/src/main/java/com/nexaflow/core/engine/BatteryMonitor.kt,TriggerIndex / existing monitor ingress; per-source mapping requires review,TriggerStateEvaluator and DeviceOneShotTriggerMatcher (see lifecycle matrix),NOT_TESTED
trigger.airplane_mode,AIRPLANE_MODE,PRESENT,DISCOVERABLE,state,,SCHEMA_ARM_PRESENT,STATIC_REFERENCES_ONLY,core/automation-engine/src/main/java/com/nexaflow/core/engine/AirplaneModeMonitor.kt,TriggerIndex / existing monitor ingress; per-source mapping requires review,TriggerStateEvaluator and DeviceOneShotTriggerMatcher (see lifecycle matrix),NOT_TESTED
trigger.dark_mode,DARK_MODE,PRESENT,DISCOVERABLE,state,,SCHEMA_ARM_PRESENT,STATIC_REFERENCES_ONLY,core/automation-engine/src/main/java/com/nexaflow/core/engine/DarkModeMonitor.kt,TriggerIndex / existing monitor ingress; per-source mapping requires review,TriggerStateEvaluator and DeviceOneShotTriggerMatcher (see lifecycle matrix),NOT_TESTED
trigger.call_state,CALL_STATE,PRESENT,DISCOVERABLE,event,,SCHEMA_ARM_PRESENT,STATIC_REFERENCES_ONLY,core/automation-engine/src/main/java/com/nexaflow/core/engine/CallStateMonitor.kt|core/automation-engine/src/main/java/com/nexaflow/core/engine/NexaCallScreeningService.kt,TriggerIndex / existing monitor ingress; per-source mapping requires review,TriggerStateEvaluator and DeviceOneShotTriggerMatcher (see lifecycle matrix),NOT_TESTED
trigger.incoming_call,INCOMING_CALL,PRESENT,DISCOVERABLE,from|matchMode|category,,SCHEMA_ARM_PRESENT,STATIC_REFERENCES_ONLY,core/automation-engine/src/main/java/com/nexaflow/core/engine/CallPolicyEvaluator.kt|core/automation-engine/src/main/java/com/nexaflow/core/engine/NexaCallScreeningService.kt,TriggerIndex / existing monitor ingress; per-source mapping requires review,TriggerStateEvaluator and DeviceOneShotTriggerMatcher (see lifecycle matrix),NOT_TESTED
trigger.app_installed,APP_INSTALLED,PRESENT,DISCOVERABLE,event|package,,SCHEMA_ARM_PRESENT,STATIC_REFERENCES_ONLY,core/automation-engine/src/main/java/com/nexaflow/core/engine/PackageMonitor.kt,TriggerIndex / existing monitor ingress; per-source mapping requires review,TriggerStateEvaluator and DeviceOneShotTriggerMatcher (see lifecycle matrix),NOT_TESTED
trigger.media_playing,MEDIA_PLAYING,PRESENT,DISCOVERABLE,event,,SCHEMA_ARM_PRESENT,STATIC_REFERENCES_ONLY,core/automation-engine/src/main/java/com/nexaflow/core/engine/MediaMonitor.kt,TriggerIndex / existing monitor ingress; per-source mapping requires review,TriggerStateEvaluator and DeviceOneShotTriggerMatcher (see lifecycle matrix),NOT_TESTED
trigger.volume_changed,VOLUME_CHANGED,PRESENT,DISCOVERABLE,stream|threshold|direction,,SCHEMA_ARM_PRESENT,STATIC_REFERENCES_ONLY,core/automation-engine/src/main/java/com/nexaflow/core/engine/VolumeMonitor.kt,TriggerIndex / existing monitor ingress; per-source mapping requires review,TriggerStateEvaluator and DeviceOneShotTriggerMatcher (see lifecycle matrix),NOT_TESTED
trigger.power_saver,POWER_SAVER,PRESENT,DISCOVERABLE,state,,SCHEMA_ARM_PRESENT,STATIC_REFERENCES_ONLY,core/automation-engine/src/main/java/com/nexaflow/core/engine/SettingsStateMonitor.kt,TriggerIndex / existing monitor ingress; per-source mapping requires review,TriggerStateEvaluator and DeviceOneShotTriggerMatcher (see lifecycle matrix),NOT_TESTED
trigger.bluetooth_state,BLUETOOTH_STATE,PRESENT,DISCOVERABLE,state,,SCHEMA_ARM_PRESENT,STATIC_REFERENCES_ONLY,core/automation-engine/src/main/java/com/nexaflow/core/engine/SettingsStateMonitor.kt,TriggerIndex / existing monitor ingress; per-source mapping requires review,TriggerStateEvaluator and DeviceOneShotTriggerMatcher (see lifecycle matrix),NOT_TESTED
trigger.brightness_level,BRIGHTNESS_LEVEL,PRESENT,DISCOVERABLE,,,SCHEMA_ARM_PRESENT,STATIC_REFERENCES_ONLY,core/automation-engine/src/main/java/com/nexaflow/core/engine/SettingsStateMonitor.kt,TriggerIndex / existing monitor ingress; per-source mapping requires review,TriggerStateEvaluator and DeviceOneShotTriggerMatcher (see lifecycle matrix),NOT_TESTED
trigger.storage_low,STORAGE_LOW,PRESENT,DISCOVERABLE,,,SCHEMA_ARM_PRESENT,STATIC_REFERENCES_ONLY,core/automation-engine/src/main/java/com/nexaflow/core/engine/SettingsStateMonitor.kt,TriggerIndex / existing monitor ingress; per-source mapping requires review,TriggerStateEvaluator and DeviceOneShotTriggerMatcher (see lifecycle matrix),NOT_TESTED
trigger.auto_rotate,AUTO_ROTATE,PRESENT,DISCOVERABLE,state,,SCHEMA_ARM_PRESENT,STATIC_REFERENCES_ONLY,core/automation-engine/src/main/java/com/nexaflow/core/engine/SettingsStateMonitor.kt,TriggerIndex / existing monitor ingress; per-source mapping requires review,TriggerStateEvaluator and DeviceOneShotTriggerMatcher (see lifecycle matrix),NOT_TESTED
trigger.data_saver_state,DATA_SAVER_STATE,PRESENT,DISCOVERABLE,state,,SCHEMA_ARM_PRESENT,STATIC_REFERENCES_ONLY,core/automation-engine/src/main/java/com/nexaflow/core/engine/SettingsStateMonitor.kt,TriggerIndex / existing monitor ingress; per-source mapping requires review,TriggerStateEvaluator and DeviceOneShotTriggerMatcher (see lifecycle matrix),NOT_TESTED
trigger.device_locked,DEVICE_LOCKED,PRESENT,DISCOVERABLE,state,,SCHEMA_ARM_PRESENT,STATIC_REFERENCES_ONLY,core/automation-engine/src/main/java/com/nexaflow/core/engine/SettingsStateMonitor.kt,TriggerIndex / existing monitor ingress; per-source mapping requires review,TriggerStateEvaluator and DeviceOneShotTriggerMatcher (see lifecycle matrix),NOT_TESTED
trigger.wifi_state,WIFI_STATE,PRESENT,DISCOVERABLE,state,,SCHEMA_ARM_PRESENT,STATIC_REFERENCES_ONLY,core/automation-engine/src/main/java/com/nexaflow/core/engine/SettingsStateMonitor.kt,TriggerIndex / existing monitor ingress; per-source mapping requires review,TriggerStateEvaluator and DeviceOneShotTriggerMatcher (see lifecycle matrix),NOT_TESTED
trigger.nfc_state,NFC_STATE,PRESENT,DISCOVERABLE,state,,SCHEMA_ARM_PRESENT,STATIC_REFERENCES_ONLY,core/automation-engine/src/main/java/com/nexaflow/core/engine/SettingsStateMonitor.kt,TriggerIndex / existing monitor ingress; per-source mapping requires review,TriggerStateEvaluator and DeviceOneShotTriggerMatcher (see lifecycle matrix),NOT_TESTED
trigger.location_state,LOCATION_STATE,PRESENT,DISCOVERABLE,mode,,SCHEMA_ARM_PRESENT,STATIC_REFERENCES_ONLY,core/automation-engine/src/main/java/com/nexaflow/core/engine/SettingsStateMonitor.kt,TriggerIndex / existing monitor ingress; per-source mapping requires review,TriggerStateEvaluator and DeviceOneShotTriggerMatcher (see lifecycle matrix),NOT_TESTED
trigger.screen_rotation_state,SCREEN_ROTATION_STATE,PRESENT,DISCOVERABLE,state,,SCHEMA_ARM_PRESENT,STATIC_REFERENCES_ONLY,core/automation-engine/src/main/java/com/nexaflow/core/engine/SettingsStateMonitor.kt,TriggerIndex / existing monitor ingress; per-source mapping requires review,TriggerStateEvaluator and DeviceOneShotTriggerMatcher (see lifecycle matrix),NOT_TESTED
trigger.wifi_signal_strength,WIFI_SIGNAL_STRENGTH,PRESENT,DISCOVERABLE,,,SCHEMA_ARM_PRESENT,STATIC_REFERENCES_ONLY,core/automation-engine/src/main/java/com/nexaflow/core/engine/DeviceStateMonitor28.kt,TriggerIndex / existing monitor ingress; per-source mapping requires review,TriggerStateEvaluator and DeviceOneShotTriggerMatcher (see lifecycle matrix),NOT_TESTED
trigger.cell_signal_strength,CELL_SIGNAL_STRENGTH,PRESENT,DISCOVERABLE,,,SCHEMA_ARM_PRESENT,STATIC_REFERENCES_ONLY,core/automation-engine/src/main/java/com/nexaflow/core/engine/DeviceStateMonitor28.kt,TriggerIndex / existing monitor ingress; per-source mapping requires review,TriggerStateEvaluator and DeviceOneShotTriggerMatcher (see lifecycle matrix),NOT_TESTED
trigger.battery_temperature,BATTERY_TEMPERATURE,PRESENT,DISCOVERABLE,,,SCHEMA_ARM_PRESENT,STATIC_REFERENCES_ONLY,core/automation-engine/src/main/java/com/nexaflow/core/engine/DeviceStateMonitor28.kt,TriggerIndex / existing monitor ingress; per-source mapping requires review,TriggerStateEvaluator and DeviceOneShotTriggerMatcher (see lifecycle matrix),NOT_TESTED
trigger.usb_connected,USB_CONNECTED,PRESENT,DISCOVERABLE,state,,SCHEMA_ARM_PRESENT,STATIC_REFERENCES_ONLY,core/automation-engine/src/main/java/com/nexaflow/core/engine/DeviceStateMonitor28.kt,TriggerIndex / existing monitor ingress; per-source mapping requires review,TriggerStateEvaluator and DeviceOneShotTriggerMatcher (see lifecycle matrix),NOT_TESTED
trigger.hdmi_connected,HDMI_CONNECTED,PRESENT,DISCOVERABLE,state,,SCHEMA_ARM_PRESENT,STATIC_REFERENCES_ONLY,core/automation-engine/src/main/java/com/nexaflow/core/engine/DeviceStateMonitor28.kt,TriggerIndex / existing monitor ingress; per-source mapping requires review,TriggerStateEvaluator and DeviceOneShotTriggerMatcher (see lifecycle matrix),NOT_TESTED
trigger.ethernet_connected,ETHERNET_CONNECTED,PRESENT,DISCOVERABLE,state,,SCHEMA_ARM_PRESENT,STATIC_REFERENCES_ONLY,core/automation-engine/src/main/java/com/nexaflow/core/engine/DeviceStateMonitor28.kt,TriggerIndex / existing monitor ingress; per-source mapping requires review,TriggerStateEvaluator and DeviceOneShotTriggerMatcher (see lifecycle matrix),NOT_TESTED
trigger.vpn_connected,VPN_CONNECTED,PRESENT,DISCOVERABLE,state,,SCHEMA_ARM_PRESENT,STATIC_REFERENCES_ONLY,core/automation-engine/src/main/java/com/nexaflow/core/engine/DeviceStateMonitor28.kt,TriggerIndex / existing monitor ingress; per-source mapping requires review,TriggerStateEvaluator and DeviceOneShotTriggerMatcher (see lifecycle matrix),NOT_TESTED
trigger.clipboard_changed,CLIPBOARD_CHANGED,PRESENT,DISCOVERABLE,contains,contains,SCHEMA_ARM_PRESENT,STATIC_REFERENCES_ONLY,core/automation-engine/src/main/java/com/nexaflow/core/engine/DeviceOneShotTriggerMatcher.kt|core/automation-engine/src/main/java/com/nexaflow/core/engine/DeviceStateMonitor28.kt,TriggerIndex / existing monitor ingress; per-source mapping requires review,TriggerStateEvaluator and DeviceOneShotTriggerMatcher (see lifecycle matrix),NOT_TESTED
trigger.dnd_state,DND_STATE,PRESENT,DISCOVERABLE,state,,SCHEMA_ARM_PRESENT,STATIC_REFERENCES_ONLY,core/automation-engine/src/main/java/com/nexaflow/core/engine/DeviceStateMonitor28.kt,TriggerIndex / existing monitor ingress; per-source mapping requires review,TriggerStateEvaluator and DeviceOneShotTriggerMatcher (see lifecycle matrix),NOT_TESTED
trigger.stay_awake_state,STAY_AWAKE_STATE,PRESENT,DISCOVERABLE,state,,SCHEMA_ARM_PRESENT,STATIC_REFERENCES_ONLY,core/automation-engine/src/main/java/com/nexaflow/core/engine/DeviceStateMonitor28.kt,TriggerIndex / existing monitor ingress; per-source mapping requires review,TriggerStateEvaluator and DeviceOneShotTriggerMatcher (see lifecycle matrix),NOT_TESTED
trigger.auto_brightness_state,AUTO_BRIGHTNESS_STATE,PRESENT,DISCOVERABLE,state,,SCHEMA_ARM_PRESENT,STATIC_REFERENCES_ONLY,core/automation-engine/src/main/java/com/nexaflow/core/engine/DeviceStateMonitor28.kt,TriggerIndex / existing monitor ingress; per-source mapping requires review,TriggerStateEvaluator and DeviceOneShotTriggerMatcher (see lifecycle matrix),NOT_TESTED
trigger.screen_timeout_changed,SCREEN_TIMEOUT_CHANGED,PRESENT,DISCOVERABLE,seconds,seconds,SCHEMA_ARM_PRESENT,STATIC_REFERENCES_ONLY,core/automation-engine/src/main/java/com/nexaflow/core/engine/DeviceOneShotTriggerMatcher.kt|core/automation-engine/src/main/java/com/nexaflow/core/engine/DeviceStateMonitor28.kt,TriggerIndex / existing monitor ingress; per-source mapping requires review,TriggerStateEvaluator and DeviceOneShotTriggerMatcher (see lifecycle matrix),NOT_TESTED
trigger.data_roaming_state,DATA_ROAMING_STATE,PRESENT,DISCOVERABLE,state,,SCHEMA_ARM_PRESENT,STATIC_REFERENCES_ONLY,core/automation-engine/src/main/java/com/nexaflow/core/engine/DeviceStateMonitor28.kt,TriggerIndex / existing monitor ingress; per-source mapping requires review,TriggerStateEvaluator and DeviceOneShotTriggerMatcher (see lifecycle matrix),NOT_TESTED
trigger.timezone_changed,TIMEZONE_CHANGED,PRESENT,DISCOVERABLE,zone,zone,SCHEMA_ARM_PRESENT,STATIC_REFERENCES_ONLY,core/automation-engine/src/main/java/com/nexaflow/core/engine/DeviceOneShotTriggerMatcher.kt|core/automation-engine/src/main/java/com/nexaflow/core/engine/DeviceStateMonitor28.kt,TriggerIndex / existing monitor ingress; per-source mapping requires review,TriggerStateEvaluator and DeviceOneShotTriggerMatcher (see lifecycle matrix),NOT_TESTED
trigger.boot_completed,BOOT_COMPLETED,PRESENT,DISCOVERABLE,,,SCHEMA_ARM_PRESENT,STATIC_REFERENCES_ONLY,core/automation-engine/src/main/java/com/nexaflow/core/engine/AutomationAlarmReceiver.kt|core/automation-engine/src/main/java/com/nexaflow/core/engine/DeviceOneShotTriggerMatcher.kt|core/automation-engine/src/main/java/com/nexaflow/core/engine/DeviceStateMonitor28.kt|core/automation-engine/src/main/java/com/nexaflow/core/engine/MonitoringService.kt,TriggerIndex / existing monitor ingress; per-source mapping requires review,TriggerStateEvaluator and DeviceOneShotTriggerMatcher (see lifecycle matrix),NOT_TESTED
trigger.nfc_tag_scanned,NFC_TAG_SCANNED,PRESENT,DISCOVERABLE,contains,contains,SCHEMA_ARM_PRESENT,STATIC_REFERENCES_ONLY,core/automation-engine/src/main/java/com/nexaflow/core/engine/DeviceOneShotTriggerMatcher.kt|core/automation-engine/src/main/java/com/nexaflow/core/engine/DeviceStateMonitor28.kt,TriggerIndex / existing monitor ingress; per-source mapping requires review,TriggerStateEvaluator and DeviceOneShotTriggerMatcher (see lifecycle matrix),NOT_TESTED
trigger.alarm_set_changed,ALARM_SET_CHANGED,PRESENT,DISCOVERABLE,event,event,SCHEMA_ARM_PRESENT,STATIC_REFERENCES_ONLY,core/automation-engine/src/main/java/com/nexaflow/core/engine/DeviceOneShotTriggerMatcher.kt|core/automation-engine/src/main/java/com/nexaflow/core/engine/DeviceStateMonitor28.kt,TriggerIndex / existing monitor ingress; per-source mapping requires review,TriggerStateEvaluator and DeviceOneShotTriggerMatcher (see lifecycle matrix),NOT_TESTED
trigger.wear_event,WEAR_EVENT,PRESENT,DISCOVERABLE,watchInstallId|state,state|watchInstallId,SCHEMA_ARM_PRESENT,STATIC_REFERENCES_ONLY,core/automation-engine/src/main/java/com/nexaflow/core/engine/WearEventRouter.kt,TriggerIndex / existing monitor ingress; per-source mapping requires review,TriggerStateEvaluator and DeviceOneShotTriggerMatcher (see lifecycle matrix),NOT_TESTED
trigger.plugin_event,PLUGIN_EVENT,NO_RESTRICTED,CONFIGURATION_ONLY,package|eventComponent|pluginInstance|pluginApproval|pluginEventId|plugin_id,,SCHEMA_ARM_PRESENT,STATIC_REFERENCES_ONLY,core/automation-engine/src/main/java/com/nexaflow/core/engine/PluginEventIngress.kt|core/automation-engine/src/main/java/com/nexaflow/core/engine/PluginEventRouter.kt,TriggerIndex / existing monitor ingress; per-source mapping requires review,TriggerStateEvaluator and DeviceOneShotTriggerMatcher (see lifecycle matrix),NOT_TESTED
